largest,largest_fraction,mean_cluster_size,mode,model,occupied_sites,p,seed,size,trial,wrap_any,wrap_both,wrap_x,wrap_y
168,0.65625,110.6875,bond,manhattan,256,0.69716,7998150879828459364,16,0,True,True,True,True
157,0.61328125,97.5390625,bond,manhattan,256,0.69716,2469371102879742230,16,1,True,False,False,True
171,0.66796875,114.6015625,bond,manhattan,256,0.69716,6066965419993510038,16,2,True,True,True,True
70,0.2734375,36.671875,bond,manhattan,256,0.69716,3999725520146777914,16,3,True,False,False,True
183,0.71484375,131.1484375,bond,manhattan,256,0.69716,1092156851081713200,16,4,True,True,True,True
70,0.2734375,22.2109375,bond,manhattan,256,0.69716,13165387688452835289,16,5,False,False,False,False
142,0.5546875,79.515625,bond,manhattan,256,0.69716,14754614497213987028,16,6,True,True,True,True
115,0.44921875,52.4453125,bond,manhattan,256,0.69716,5396322877869049952,16,7,True,True,True,True
143,0.55859375,80.6328125,bond,manhattan,256,0.69716,1355600452640317369,16,8,True,True,True,True
202,0.7890625,159.6015625,bond,manhattan,256,0.69716,6812083875610937463,16,9,True,True,True,True
67,0.26171875,23.796875,bond,manhattan,256,0.69716,12680219280904147560,16,10,False,False,False,False
130,0.5078125,66.6953125,bond,manhattan,256,0.69716,9556249495085297521,16,11,True,True,True,True
137,0.53515625,74.015625,bond,manhattan,256,0.69716,9296109860355564106,16,12,True,True,True,True
54,0.2109375,14.453125,bond,manhattan,256,0.69716,16681869024562346002,16,13,False,False,False,False
91,0.35546875,35.78125,bond,manhattan,256,0.69716,11210855890845678526,16,14,True,False,False,True
100,0.390625,41.40625,bond,manhattan,256,0.69716,12417496901950624,16,15,True,True,True,True
172,0.671875,115.890625,bond,manhattan,256,0.69716,7872024381768953496,16,16,True,True,True,True
165,0.64453125,107.1015625,bond,manhattan,256,0.69716,205834459951164751,16,17,True,False,True,False
196,0.765625,150.390625,bond,manhattan,256,0.69716,11465753503585758482,16,18,True,True,True,True
97,0.37890625,42.9140625,bond,manhattan,256,0.69716,4079058530302536572,16,19,True,True,True,True
142,0.5546875,80.25,bond,manhattan,256,0.69716,3888107016165497272,16,20,True,True,True,True
84,0.328125,28.96875,bond,manhattan,256,0.69716,10924180590967443098,16,21,True,False,False,True
161,0.62890625,102.1875,bond,manhattan,256,0.69716,13281926105049118677,16,22,True,False,True,False
35,0.13671875,13.3828125,bond,manhattan,256,0.69716,12292475928618158387,16,23,False,False,False,False
188,0.734375,138.375,bond,manhattan,256,0.69716,7925430212595790543,16,24,True,True,True,True
181,0.70703125,128.3125,bond,manhattan,256,0.69716,4506798791299609583,16,25,True,True,True,True
105,0.41015625,45.25,bond,manhattan,256,0.69716,7122883669587585923,16,26,True,False,False,True
130,0.5078125,66.8671875,bond,manhattan,256,0.69716,17066492385712930374,16,27,True,True,True,True
182,0.7109375,129.6796875,bond,manhattan,256,0.69716,11807019407592350339,16,28,True,True,True,True
59,0.23046875,15.453125,bond,manhattan,256,0.69716,7124277884135466332,16,29,True,False,False,True
182,0.7109375,129.7265625,bond,manhattan,256,0.69716,17407814899092808447,16,30,True,True,True,True
97,0.37890625,38.015625,bond,manhattan,256,0.69716,15646129715362631982,16,31,True,False,False,True
111,0.43359375,48.9765625,bond,manhattan,256,0.69716,8070464176282131706,16,32,True,True,True,True
132,0.515625,69.9609375,bond,manhattan,256,0.69716,6065030865371478688,16,33,True,True,True,True
144,0.5625,81.6484375,bond,manhattan,256,0.69716,8606293768756111083,16,34,True,True,True,True
169,0.66015625,111.953125,bond,manhattan,256,0.69716,662621464933604131,16,35,True,True,True,True
182,0.7109375,129.8203125,bond,manhattan,256,0.69716,15788494174365837566,16,36,True,True,True,True
125,0.48828125,61.96875,bond,manhattan,256,0.69716,14345942871301917543,16,37,True,True,True,True
159,0.62109375,99.4921875,bond,manhattan,256,0.69716,16657334603819692134,16,38,True,True,True,True
68,0.265625,20.53125,bond,manhattan,256,0.69716,17832679442504477695,16,39,True,False,False,True
126,0.4921875,63.015625,bond,manhattan,256,0.69716,8493466758316709694,16,40,True,True,True,True
183,0.71484375,131.265625,bond,manhattan,256,0.69716,15274156991857654331,16,41,True,True,True,True
154,0.6015625,93.296875,bond,manhattan,256,0.69716,4909140899395629269,16,42,True,True,True,True
169,0.66015625,111.953125,bond,manhattan,256,0.69716,12424442192535084147,16,43,True,True,True,True
186,0.7265625,135.6328125,bond,manhattan,256,0.69716,2865842788188188670,16,44,True,True,True,True
136,0.53125,73.4921875,bond,manhattan,256,0.69716,9315883975459611693,16,45,True,True,True,True
117,0.45703125,54.625,bond,manhattan,256,0.69716,10095966397801573351,16,46,True,True,True,True
161,0.62890625,102.1640625,bond,manhattan,256,0.69716,16696460634479731981,16,47,True,True,True,True
96,0.375,38.6875,bond,manhattan,256,0.69716,9322563799292951396,16,48,True,False,False,True
60,0.234375,16.328125,bond,manhattan,256,0.69716,14368994999365954348,16,49,True,False,True,False
147,0.57421875,85.2421875,bond,manhattan,256,0.69716,7027062490423103774,16,50,True,True,True,True
187,0.73046875,136.9609375,bond,manhattan,256,0.69716,787680249492857771,16,51,True,True,True,True
177,0.69140625,122.78125,bond,manhattan,256,0.69716,11389619895760874404,16,52,True,True,True,True
134,0.5234375,71.28125,bond,manhattan,256,0.69716,7088790856939337024,16,53,True,True,True,True
50,0.1953125,15.1796875,bond,manhattan,256,0.69716,11600175828967340038,16,54,True,False,False,True
123,0.48046875,61.125,bond,manhattan,256,0.69716,4052492546027435274,16,55,True,True,True,True
188,0.734375,138.328125,bond,manhattan,256,0.69716,5191760231146268786,16,56,True,True,True,True
138,0.5390625,75.0390625,bond,manhattan,256,0.69716,2047718906007290671,16,57,True,True,True,True
197,0.76953125,151.875,bond,manhattan,256,0.69716,12845463110874459131,16,58,True,True,True,True
55,0.21484375,19.3359375,bond,manhattan,256,0.69716,6414774829558405245,16,59,True,False,True,False
147,0.57421875,85.0234375,bond,manhattan,256,0.69716,9240213910389149448,16,60,True,True,True,True
132,0.515625,69.96875,bond,manhattan,256,0.69716,616447103269988547,16,61,True,True,True,True
170,0.6640625,113.3671875,bond,manhattan,256,0.69716,14137394904617740651,16,62,True,True,True,True
182,0.7109375,129.7734375,bond,manhattan,256,0.69716,822703367088125859,16,63,True,True,True,True
185,0.72265625,133.96875,bond,manhattan,256,0.69716,2271596592275871629,16,64,True,True,True,True
165,0.64453125,106.84375,bond,manhattan,256,0.69716,7194407448125091406,16,65,True,True,True,True
186,0.7265625,135.4609375,bond,manhattan,256,0.69716,11718815679621513872,16,66,True,True,True,True
93,0.36328125,35.3828125,bond,manhattan,256,0.69716,12474181694654800502,16,67,True,False,False,True
154,0.6015625,93.3515625,bond,manhattan,256,0.69716,8330256841248079333,16,68,True,True,True,True
139,0.54296875,76.1640625,bond,manhattan,256,0.69716,10943656235547867227,16,69,True,True,True,True
38,0.1484375,12.3359375,bond,manhattan,256,0.69716,12987518623298351822,16,70,True,False,True,False
110,0.4296875,48.2890625,bond,manhattan,256,0.69716,10020511667301291761,16,71,True,True,True,True
165,0.64453125,108.1875,bond,manhattan,256,0.69716,2709626095696801180,16,72,True,True,True,True
123,0.48046875,59.8984375,bond,manhattan,256,0.69716,18070995441504827968,16,73,True,True,True,True
116,0.453125,54.40625,bond,manhattan,256,0.69716,17150245435990511367,16,74,True,True,True,True
46,0.1796875,10.890625,bond,manhattan,256,0.69716,6246212502735324799,16,75,False,False,False,False
169,0.66015625,111.90625,bond,manhattan,256,0.69716,17605230663948853205,16,76,True,True,True,True
168,0.65625,110.59375,bond,manhattan,256,0.69716,17802481041835587859,16,77,True,True,True,True
177,0.69140625,122.78125,bond,manhattan,256,0.69716,1503195490316292264,16,78,True,True,True,True
167,0.65234375,109.3359375,bond,manhattan,256,0.69716,13051569819697364973,16,79,True,True,True,True
44,0.171875,14.0859375,bond,manhattan,256,0.69716,6941004710239463981,16,80,False,False,False,False
163,0.63671875,104.1953125,bond,manhattan,256,0.69716,17671849446703642860,16,81,True,True,True,True
148,0.578125,86.5078125,bond,manhattan,256,0.69716,6229908832753198651,16,82,True,True,True,True
80,0.3125,26.7421875,bond,manhattan,256,0.69716,12030099487986474679,16,83,True,True,True,True
97,0.37890625,38.765625,bond,manhattan,256,0.69716,2894387081191343056,16,84,True,False,False,True
170,0.6640625,113.3203125,bond,manhattan,256,0.69716,2772750399741609383,16,85,True,True,True,True
126,0.4921875,62.953125,bond,manhattan,256,0.69716,161018258496457327,16,86,True,True,True,True
143,0.55859375,80.8515625,bond,manhattan,256,0.69716,1895582846481907404,16,87,True,True,True,True
90,0.3515625,34.9765625,bond,manhattan,256,0.69716,17988006474383400837,16,88,True,False,False,True
120,0.46875,57.1796875,bond,manhattan,256,0.69716,8379435900627486914,16,89,True,True,True,True
127,0.49609375,63.8671875,bond,manhattan,256,0.69716,16830462411320164845,16,90,True,False,False,True
118,0.4609375,55.3984375,bond,manhattan,256,0.69716,15507383939363281190,16,91,True,True,True,True
160,0.625,100.421875,bond,manhattan,256,0.69716,5781962927897006084,16,92,True,True,True,True
23,0.08984375,7.484375,bond,manhattan,256,0.69716,5974829025826849928,16,93,False,False,False,False
42,0.1640625,12.125,bond,manhattan,256,0.69716,12814450379432967393,16,94,True,False,True,False
179,0.69921875,125.4609375,bond,manhattan,256,0.69716,11200231950166833192,16,95,True,True,True,True
81,0.31640625,27.3671875,bond,manhattan,256,0.69716,4510462084043301617,16,96,True,False,False,True
153,0.59765625,91.890625,bond,manhattan,256,0.69716,10210144723401286424,16,97,True,True,True,True
134,0.5234375,71.7734375,bond,manhattan,256,0.69716,15288321510043121862,16,98,True,True,True,True
53,0.20703125,20.4375,bond,manhattan,256,0.69716,8566424940999532680,16,99,False,False,False,False
70,0.2734375,23.3515625,bond,manhattan,256,0.69716,8531030550101759299,16,100,True,False,True,False
144,0.5625,81.8828125,bond,manhattan,256,0.69716,6535407169555548230,16,101,True,True,True,True
113,0.44140625,52.6953125,bond,manhattan,256,0.69716,85333285991073219,16,102,True,False,True,False
163,0.63671875,104.2890625,bond,manhattan,256,0.69716,5269440824541338107,16,103,True,True,True,True
27,0.10546875,6.25,bond,manhattan,256,0.69716,9911926504121847394,16,104,True,False,False,True
193,0.75390625,145.75,bond,manhattan,256,0.69716,14673852244187001122,16,105,True,True,True,True
162,0.6328125,103.140625,bond,manhattan,256,0.69716,3199598175615854790,16,106,True,True,True,True
129,0.50390625,65.859375,bond,manhattan,256,0.69716,7552296753587417399,16,107,True,True,True,True
185,0.72265625,134.015625,bond,manhattan,256,0.69716,10066154415325730507,16,108,True,True,True,True
24,0.09375,4.7578125,bond,manhattan,256,0.69716,7628202019866843213,16,109,False,False,False,False
121,0.47265625,58.265625,bond,manhattan,256,0.69716,7275410729514828204,16,110,True,False,False,True
118,0.4609375,55.1171875,bond,manhattan,256,0.69716,7694075217020582727,16,111,False,False,False,False
144,0.5625,81.71875,bond,manhattan,256,0.69716,9194776638803101156,16,112,True,True,True,True
183,0.71484375,131.1484375,bond,manhattan,256,0.69716,9097210961259219608,16,113,True,True,True,True
174,0.6796875,118.6328125,bond,manhattan,256,0.69716,10745407693440518248,16,114,True,True,True,True
36,0.140625,9.953125,bond,manhattan,256,0.69716,16257566145812673258,16,115,False,False,False,False
106,0.4140625,45.3046875,bond,manhattan,256,0.69716,13839263898522350368,16,116,True,False,False,True
201,0.78515625,158.078125,bond,manhattan,256,0.69716,7300619788030439216,16,117,True,True,True,True
138,0.5390625,75.2578125,bond,manhattan,256,0.69716,1418679335217866452,16,118,True,True,True,True
181,0.70703125,128.359375,bond,manhattan,256,0.69716,13912866509273781166,16,119,True,True,True,True
173,0.67578125,117.28125,bond,manhattan,256,0.69716,8588703234603310526,16,120,True,True,True,True
130,0.5078125,67.3671875,bond,manhattan,256,0.69716,11430620914697615944,16,121,True,True,True,True
161,0.62890625,101.625,bond,manhattan,256,0.69716,6328522785028024446,16,122,True,True,True,True
103,0.40234375,43.6171875,bond,manhattan,256,0.69716,9413027051255253436,16,123,True,False,False,True
177,0.69140625,122.734375,bond,manhattan,256,0.69716,16901808414930511201,16,124,True,True,True,True
130,0.5078125,67.1171875,bond,manhattan,256,0.69716,11797205339099187126,16,125,True,True,True,True
162,0.6328125,103.6796875,bond,manhattan,256,0.69716,7669748833632514825,16,126,True,True,True,True
135,0.52734375,73.8046875,bond,manhattan,256,0.69716,4828955403735590518,16,127,True,False,False,True
126,0.4921875,63.1875,bond,manhattan,256,0.69716,4187018868740140488,16,128,True,True,True,True
171,0.66796875,114.6015625,bond,manhattan,256,0.69716,7562564332572918846,16,129,True,True,True,True
158,0.6171875,98.0859375,bond,manhattan,256,0.69716,16923998205948381286,16,130,True,True,True,True
45,0.17578125,17.25,bond,manhattan,256,0.69716,12926058283946522295,16,131,False,False,False,False
138,0.5390625,76.1796875,bond,manhattan,256,0.69716,12006852078283371365,16,132,True,True,True,True
147,0.57421875,85.40625,bond,manhattan,256,0.69716,14445731842299521530,16,133,True,True,True,True
98,0.3828125,39.8046875,bond,manhattan,256,0.69716,9731551293913777643,16,134,True,False,False,True
197,0.76953125,151.828125,bond,manhattan,256,0.69716,1225454003372980064,16,135,True,True,True,True
129,0.50390625,68.1328125,bond,manhattan,256,0.69716,4896231434507000905,16,136,True,True,True,True
131,0.51171875,67.8828125,bond,manhattan,256,0.69716,9029293860165821567,16,137,True,True,True,True
134,0.5234375,70.8046875,bond,manhattan,256,0.69716,7490172923726430253,16,138,True,True,True,True
47,0.18359375,14.2890625,bond,manhattan,256,0.69716,6624897055022157305,16,139,False,False,False,False
160,0.625,100.515625,bond,manhattan,256,0.69716,5977974786625391516,16,140,True,True,True,True
145,0.56640625,82.8671875,bond,manhattan,256,0.69716,14815755352731364277,16,141,True,False,True,False
57,0.22265625,16.7734375,bond,manhattan,256,0.69716,13158405330898433832,16,142,False,False,False,False
74,0.2890625,24.0859375,bond,manhattan,256,0.69716,5189660155365578506,16,143,True,False,False,True
115,0.44921875,52.609375,bond,manhattan,256,0.69716,12080981220375277287,16,144,True,False,False,True
105,0.41015625,45.0078125,bond,manhattan,256,0.69716,6605893528373117539,16,145,True,True,True,True
145,0.56640625,82.9609375,bond,manhattan,256,0.69716,3810555189429246919,16,146,True,True,True,True
174,0.6796875,118.6796875,bond,manhattan,256,0.69716,6235452885160774899,16,147,True,True,True,True
163,0.63671875,104.1953125,bond,manhattan,256,0.69716,4342056611999551694,16,148,True,True,True,True
202,0.7890625,159.6953125,bond,manhattan,256,0.69716,17078467212912232048,16,149,True,True,True,True
196,0.765625,150.390625,bond,manhattan,256,0.69716,2079923628913559788,16,150,True,True,True,True
125,0.48828125,61.953125,bond,manhattan,256,0.69716,5181048608238039849,16,151,True,True,True,True
190,0.7421875,141.2734375,bond,manhattan,256,0.69716,16643347402346280809,16,152,True,True,True,True
161,0.62890625,101.8359375,bond,manhattan,256,0.69716,1853095023848415798,16,153,True,True,True,True
79,0.30859375,26.5,bond,manhattan,256,0.69716,14868991854108138224,16,154,True,False,False,True
46,0.1796875,10.3359375,bond,manhattan,256,0.69716,2419560631407858913,16,155,False,False,False,False
151,0.58984375,89.953125,bond,manhattan,256,0.69716,5227851681299486793,16,156,True,True,True,True
158,0.6171875,98.0390625,bond,manhattan,256,0.69716,7326002447078213915,16,157,True,True,True,True
183,0.71484375,131.1484375,bond,manhattan,256,0.69716,8411233432859587424,16,158,True,True,True,True
86,0.3359375,30.5703125,bond,manhattan,256,0.69716,256538466493986955,16,159,False,False,False,False
122,0.4765625,58.7578125,bond,manhattan,256,0.69716,12660363378901413278,16,160,True,False,True,False
162,0.6328125,103.0703125,bond,manhattan,256,0.69716,7308648379650206292,16,161,True,True,True,True
146,0.5703125,83.7890625,bond,manhattan,256,0.69716,8059087533019680606,16,162,True,True,True,True
131,0.51171875,68.0,bond,manhattan,256,0.69716,14704766108205757362,16,163,True,True,True,True
32,0.125,10.859375,bond,manhattan,256,0.69716,5817160295965809788,16,164,False,False,False,False
186,0.7265625,135.4609375,bond,manhattan,256,0.69716,14129307976668444811,16,165,True,True,True,True
143,0.55859375,81.0234375,bond,manhattan,256,0.69716,12321609134602042391,16,166,True,True,True,True
162,0.6328125,103.1171875,bond,manhattan,256,0.69716,1904227903048510893,16,167,True,True,True,True
184,0.71875,132.578125,bond,manhattan,256,0.69716,6141050336271557661,16,168,True,True,True,True
135,0.52734375,74.1015625,bond,manhattan,256,0.69716,4498161429677489648,16,169,True,True,True,True
196,0.765625,150.34375,bond,manhattan,256,0.69716,466761838773740092,16,170,True,True,True,True
29,0.11328125,10.6953125,bond,manhattan,256,0.69716,4455191555885387530,16,171,False,False,False,False
131,0.51171875,68.1875,bond,manhattan,256,0.69716,2287632854536183860,16,172,True,True,True,True
161,0.62890625,101.671875,bond,manhattan,256,0.69716,12247170900437556873,16,173,True,True,True,True
125,0.48828125,61.640625,bond,manhattan,256,0.69716,8123397662600625050,16,174,True,True,True,True
155,0.60546875,94.640625,bond,manhattan,256,0.69716,6988243089107687265,16,175,True,True,True,True
160,0.625,100.640625,bond,manhattan,256,0.69716,11142740096770539768,16,176,True,True,True,True
116,0.453125,53.4609375,bond,manhattan,256,0.69716,13214235778739077273,16,177,True,False,True,False
163,0.63671875,104.2890625,bond,manhattan,256,0.69716,11917310582855870046,16,178,True,True,True,True
172,0.671875,115.984375,bond,manhattan,256,0.69716,14623523025638578746,16,179,True,True,True,True
123,0.48046875,59.7109375,bond,manhattan,256,0.69716,9829240774639478130,16,180,True,True,True,True
177,0.69140625,123.625,bond,manhattan,256,0.69716,1993081948512496384,16,181,True,True,True,True
176,0.6875,121.3125,bond,manhattan,256,0.69716,17882645462465627697,16,182,True,True,True,True
142,0.5546875,79.65625,bond,manhattan,256,0.69716,4566833267754832224,16,183,True,True,True,True
53,0.20703125,14.875,bond,manhattan,256,0.69716,10767797736013572975,16,184,False,False,False,False
132,0.515625,69.46875,bond,manhattan,256,0.69716,6661725017293584608,16,185,True,False,False,True
150,0.5859375,88.7734375,bond,manhattan,256,0.69716,3952322637149698350,16,186,True,True,True,True
21,0.08203125,6.7734375,bond,manhattan,256,0.69716,5157470164349186397,16,187,False,False,False,False
113,0.44140625,52.4921875,bond,manhattan,256,0.69716,498219169923327022,16,188,False,False,False,False
111,0.43359375,52.8828125,bond,manhattan,256,0.69716,12209912507339468704,16,189,True,False,False,True
148,0.578125,86.953125,bond,manhattan,256,0.69716,8973806977963233439,16,190,True,True,True,True
125,0.48828125,62.25,bond,manhattan,256,0.69716,8849614213247785628,16,191,True,False,True,False
133,0.51953125,71.6484375,bond,manhattan,256,0.69716,4432927661774913256,16,192,True,True,True,True
155,0.60546875,94.3359375,bond,manhattan,256,0.69716,13964640504548955706,16,193,True,True,True,True
164,0.640625,105.46875,bond,manhattan,256,0.69716,11528600360431284294,16,194,True,True,True,True
164,0.640625,105.609375,bond,manhattan,256,0.69716,314055641405579561,16,195,True,True,True,True
145,0.56640625,82.8203125,bond,manhattan,256,0.69716,6375796674152011003,16,196,True,True,True,True
155,0.60546875,94.3359375,bond,manhattan,256,0.69716,827065333286972078,16,197,True,True,True,True
137,0.53515625,73.875,bond,manhattan,256,0.69716,15920611121869251675,16,198,True,False,True,False
164,0.640625,105.8671875,bond,manhattan,256,0.69716,2944220596978414562,16,199,True,True,True,True
157,0.61328125,96.984375,bond,manhattan,256,0.69716,10800764312075794059,16,200,True,True,True,True
126,0.4921875,63.625,bond,manhattan,256,0.69716,1837595719512063438,16,201,True,False,True,False
41,0.16015625,14.0078125,bond,manhattan,256,0.69716,7061697708412613540,16,202,True,False,False,True
128,0.5,64.8984375,bond,manhattan,256,0.69716,14046004962506719389,16,203,True,False,False,True
124,0.484375,64.3125,bond,manhattan,256,0.69716,18340075296738629551,16,204,True,True,True,True
54,0.2109375,15.171875,bond,manhattan,256,0.69716,16234147726432646871,16,205,True,False,False,True
122,0.4765625,59.015625,bond,manhattan,256,0.69716,17255533001435658806,16,206,True,True,True,True
163,0.63671875,104.2421875,bond,manhattan,256,0.69716,10738651514923638589,16,207,True,True,True,True
160,0.625,100.421875,bond,manhattan,256,0.69716,16902931613567999309,16,208,True,True,True,True
135,0.52734375,72.1171875,bond,manhattan,256,0.69716,4102061489140519416,16,209,True,False,False,True
158,0.6171875,98.296875,bond,manhattan,256,0.69716,9754765461670603650,16,210,True,True,True,True
161,0.62890625,101.7890625,bond,manhattan,256,0.69716,8108788883602148248,16,211,True,True,True,True
163,0.63671875,104.2421875,bond,manhattan,256,0.69716,6964764833864931579,16,212,True,True,True,True
67,0.26171875,20.3359375,bond,manhattan,256,0.69716,2258213054074357022,16,213,False,False,False,False
136,0.53125,73.1171875,bond,manhattan,256,0.69716,17712137117457526557,16,214,True,True,True,True
124,0.484375,61.265625,bond,manhattan,256,0.69716,5332358286665240327,16,215,True,False,False,True
107,0.41796875,46.265625,bond,manhattan,256,0.69716,12566806694658223411,16,216,True,False,False,True
106,0.4140625,45.7734375,bond,manhattan,256,0.69716,1011217481155071933,16,217,True,False,True,False
151,0.58984375,89.6171875,bond,manhattan,256,0.69716,3087000955134546774,16,218,True,True,True,True
156,0.609375,95.5,bond,manhattan,256,0.69716,11076925209093311676,16,219,True,True,True,True
175,0.68359375,120.0390625,bond,manhattan,256,0.69716,11460638106309114525,16,220,True,True,True,True
189,0.73828125,139.890625,bond,manhattan,256,0.69716,1413886713861263878,16,221,True,True,True,True
170,0.6640625,113.3671875,bond,manhattan,256,0.69716,9624623055133609964,16,222,True,True,True,True
62,0.2421875,24.453125,bond,manhattan,256,0.69716,17640352368091424707,16,223,False,False,False,False
181,0.70703125,128.265625,bond,manhattan,256,0.69716,11026288723450021639,16,224,True,True,True,True
180,0.703125,126.90625,bond,manhattan,256,0.69716,15981402031753790243,16,225,True,True,True,True
154,0.6015625,93.3046875,bond,manhattan,256,0.69716,7349295738094259882,16,226,True,True,True,True
61,0.23828125,20.2109375,bond,manhattan,256,0.69716,12931024580229406017,16,227,False,False,False,False
138,0.5390625,75.1171875,bond,manhattan,256,0.69716,13182311869299698713,16,228,True,True,True,True
151,0.58984375,90.21875,bond,manhattan,256,0.69716,6973480799017350270,16,229,True,True,True,True
45,0.17578125,12.96875,bond,manhattan,256,0.69716,7498122575558963919,16,230,False,False,False,False
169,0.66015625,111.90625,bond,manhattan,256,0.69716,14596914394951287302,16,231,True,True,True,True
91,0.35546875,34.9296875,bond,manhattan,256,0.69716,10918499170787934154,16,232,True,True,True,True
134,0.5234375,71.3203125,bond,manhattan,256,0.69716,17608112508272054833,16,233,True,True,True,True
140,0.546875,77.109375,bond,manhattan,256,0.69716,7510192299840274173,16,234,True,True,True,True
146,0.5703125,84.0546875,bond,manhattan,256,0.69716,6959101264921695098,16,235,True,True,True,True
94,0.3671875,35.9140625,bond,manhattan,256,0.69716,12344238559038650786,16,236,True,False,False,True
112,0.4375,50.984375,bond,manhattan,256,0.69716,4782344749475962049,16,237,True,True,True,True
186,0.7265625,135.578125,bond,manhattan,256,0.69716,1827135976775862087,16,238,True,True,True,True
190,0.7421875,141.3203125,bond,manhattan,256,0.69716,8422741110863298084,16,239,True,True,True,True
63,0.24609375,19.484375,bond,manhattan,256,0.69716,10325845412800290132,16,240,False,False,False,False
21,0.08203125,5.6328125,bond,manhattan,256,0.69716,11573994515576298985,16,241,False,False,False,False
52,0.203125,14.453125,bond,manhattan,256,0.69716,6266775485105787764,16,242,False,False,False,False
127,0.49609375,63.7734375,bond,manhattan,256,0.69716,16480602752497511362,16,243,True,True,True,True
175,0.68359375,120.0390625,bond,manhattan,256,0.69716,14260985522928277089,16,244,True,True,True,True
53,0.20703125,14.90625,bond,manhattan,256,0.69716,454977174194633398,16,245,True,False,True,False
176,0.6875,121.3125,bond,manhattan,256,0.69716,12867255574714741882,16,246,True,True,True,True
133,0.51953125,69.9765625,bond,manhattan,256,0.69716,11073941967439405590,16,247,True,True,True,True
190,0.7421875,141.484375,bond,manhattan,256,0.69716,3408480274474391971,16,248,True,True,True,True
57,0.22265625,18.796875,bond,manhattan,256,0.69716,8199465687114753924,16,249,True,False,True,False
100,0.390625,41.3828125,bond,manhattan,256,0.69716,5317471095131897720,16,250,True,False,True,False
172,0.671875,115.9375,bond,manhattan,256,0.69716,9211277048248560427,16,251,True,True,True,True
112,0.4375,58.9140625,bond,manhattan,256,0.69716,15186684045524126051,16,252,True,False,False,True
128,0.5,64.8515625,bond,manhattan,256,0.69716,4596774767497173458,16,253,True,False,True,False
142,0.5546875,80.0859375,bond,manhattan,256,0.69716,3743669148557705155,16,254,True,True,True,True
130,0.5078125,68.1796875,bond,manhattan,256,0.69716,11420948247345659901,16,255,True,True,True,True
608,0.59375,361.8359375,bond,manhattan,1024,0.69716,5318920965547474059,32,0,True,True,True,True
517,0.5048828125,262.115234375,bond,manhattan,1024,0.69716,11153414566597632162,32,1,True,True,True,True
284,0.27734375,90.60546875,bond,manhattan,1024,0.69716,11050850406222729349,32,2,True,False,False,True
505,0.4931640625,250.71875,bond,manhattan,1024,0.69716,3380227120596904926,32,3,True,True,True,True
239,0.2333984375,77.69140625,bond,manhattan,1024,0.69716,12955202847584900566,32,4,True,False,False,True
634,0.619140625,393.310546875,bond,manhattan,1024,0.69716,14192053044741829844,32,5,True,True,True,True
629,0.6142578125,387.33203125,bond,manhattan,1024,0.69716,12981381101767925304,32,6,True,True,True,True
528,0.515625,274.10546875,bond,manhattan,1024,0.69716,8356033221265898251,32,7,True,True,True,True
419,0.4091796875,176.767578125,bond,manhattan,1024,0.69716,14959392004587594190,32,8,True,True,True,True
309,0.3017578125,98.68359375,bond,manhattan,1024,0.69716,9677333918497660561,32,9,False,False,False,False
137,0.1337890625,29.150390625,bond,manhattan,1024,0.69716,17074441586302902806,32,10,False,False,False,False
547,0.5341796875,294.345703125,bond,manhattan,1024,0.69716,30680422080577498,32,11,True,True,True,True
339,0.3310546875,128.802734375,bond,manhattan,1024,0.69716,14554432740449811792,32,12,True,False,True,False
595,0.5810546875,347.134765625,bond,manhattan,1024,0.69716,11744501163988197330,32,13,True,False,False,True
557,0.5439453125,304.1796875,bond,manhattan,1024,0.69716,627381497341460694,32,14,True,True,True,True
466,0.455078125,213.580078125,bond,manhattan,1024,0.69716,10156108148654675935,32,15,True,True,True,True
240,0.234375,63.94921875,bond,manhattan,1024,0.69716,9119615332677884547,32,16,False,False,False,False
109,0.1064453125,35.763671875,bond,manhattan,1024,0.69716,16182772162563369318,32,17,False,False,False,False
198,0.193359375,47.361328125,bond,manhattan,1024,0.69716,10815473751356225829,32,18,True,False,False,True
201,0.1962890625,74.6015625,bond,manhattan,1024,0.69716,8680588692145004945,32,19,True,False,True,False
364,0.35546875,138.7890625,bond,manhattan,1024,0.69716,5001922384212017070,32,20,True,False,True,False
541,0.5283203125,286.673828125,bond,manhattan,1024,0.69716,2046610785740174292,32,21,True,True,True,True
624,0.609375,380.892578125,bond,manhattan,1024,0.69716,3698655355698021442,32,22,True,True,True,True
605,0.5908203125,358.265625,bond,manhattan,1024,0.69716,5844194795227076677,32,23,True,True,True,True
244,0.23828125,77.23828125,bond,manhattan,1024,0.69716,17358172763189358662,32,24,False,False,False,False
640,0.625,400.685546875,bond,manhattan,1024,0.69716,472461781485958804,32,25,True,True,True,True
499,0.4873046875,245.201171875,bond,manhattan,1024,0.69716,8516976760935318047,32,26,True,True,True,True
448,0.4375,202.0859375,bond,manhattan,1024,0.69716,12361064853766294437,32,27,True,False,True,False
476,0.46484375,225.6171875,bond,manhattan,1024,0.69716,18096165673901339341,32,28,True,True,True,True
319,0.3115234375,185.99609375,bond,manhattan,1024,0.69716,1837878410935664562,32,29,True,False,True,False
561,0.5478515625,308.8515625,bond,manhattan,1024,0.69716,12569073103928191382,32,30,True,True,True,True
250,0.244140625,78.140625,bond,manhattan,1024,0.69716,8855205158603802029,32,31,False,False,False,False
575,0.5615234375,323.859375,bond,manhattan,1024,0.69716,8346436421737493283,32,32,True,True,True,True
471,0.4599609375,219.861328125,bond,manhattan,1024,0.69716,4830136928074280168,32,33,True,False,False,True
387,0.3779296875,150.1796875,bond,manhattan,1024,0.69716,12483320489475286663,32,34,True,True,True,True
574,0.560546875,322.60546875,bond,manhattan,1024,0.69716,6255211214363708341,32,35,True,True,True,True
596,0.58203125,348.501953125,bond,manhattan,1024,0.69716,15753248109814634580,32,36,True,True,True,True
467,0.4560546875,214.64453125,bond,manhattan,1024,0.69716,12813753615547931305,32,37,True,True,True,True
524,0.51171875,269.7578125,bond,manhattan,1024,0.69716,3841454191765257342,32,38,True,True,True,True
268,0.26171875,95.30078125,bond,manhattan,1024,0.69716,1034033711518199485,32,39,False,False,False,False
446,0.435546875,203.00390625,bond,manhattan,1024,0.69716,14047455561801988544,32,40,True,True,True,True
155,0.1513671875,46.564453125,bond,manhattan,1024,0.69716,9763765602845083145,32,41,False,False,False,False
326,0.318359375,111.369140625,bond,manhattan,1024,0.69716,8502946887352733296,32,42,True,False,False,True
548,0.53515625,294.197265625,bond,manhattan,1024,0.69716,4864312303526023440,32,43,True,True,True,True
414,0.404296875,173.0078125,bond,manhattan,1024,0.69716,16703470819021183684,32,44,True,True,True,True
233,0.2275390625,56.388671875,bond,manhattan,1024,0.69716,8817019826539449819,32,45,True,False,False,True
542,0.529296875,292.8359375,bond,manhattan,1024,0.69716,7812708478933393184,32,46,True,True,True,True
408,0.3984375,165.97265625,bond,manhattan,1024,0.69716,10688421956677057147,32,47,True,False,True,False
607,0.5927734375,360.71875,bond,manhattan,1024,0.69716,4875033680556052899,32,48,True,True,True,True
577,0.5634765625,326.044921875,bond,manhattan,1024,0.69716,7367540788970919201,32,49,True,True,True,True
156,0.15234375,33.806640625,bond,manhattan,1024,0.69716,3483969107705388745,32,50,False,False,False,False
164,0.16015625,50.75,bond,manhattan,1024,0.69716,9967550314076979096,32,51,False,False,False,False
357,0.3486328125,133.6875,bond,manhattan,1024,0.69716,15805853394561779534,32,52,True,False,True,False
627,0.6123046875,386.0390625,bond,manhattan,1024,0.69716,13752130044220908626,32,53,True,True,True,True
443,0.4326171875,197.177734375,bond,manhattan,1024,0.69716,9130581668156075296,32,54,True,True,True,True
444,0.43359375,195.759765625,bond,manhattan,1024,0.69716,4989010405698999852,32,55,True,False,False,True
671,0.6552734375,440.509765625,bond,manhattan,1024,0.69716,4735847939958868513,32,56,True,True,True,True
703,0.6865234375,483.181640625,bond,manhattan,1024,0.69716,979878601373333342,32,57,True,True,True,True
349,0.3408203125,122.64453125,bond,manhattan,1024,0.69716,4430982663038156544,32,58,True,True,True,True
268,0.26171875,78.173828125,bond,manhattan,1024,0.69716,214321807976796297,32,59,True,False,False,True
421,0.4111328125,178.94921875,bond,manhattan,1024,0.69716,11152780451434972119,32,60,True,True,True,True
226,0.220703125,70.775390625,bond,manhattan,1024,0.69716,13795706282791604918,32,61,True,False,True,False
573,0.5595703125,322.908203125,bond,manhattan,1024,0.69716,5629585082101055397,32,62,True,True,True,True
233,0.2275390625,62.310546875,bond,manhattan,1024,0.69716,15122161595308312523,32,63,True,False,False,True
586,0.572265625,337.927734375,bond,manhattan,1024,0.69716,7988485427143216092,32,64,True,True,True,True
70,0.068359375,16.119140625,bond,manhattan,1024,0.69716,16415824047757383577,32,65,False,False,False,False
99,0.0966796875,18.60546875,bond,manhattan,1024,0.69716,15430801034030163969,32,66,False,False,False,False
345,0.3369140625,125.8671875,bond,manhattan,1024,0.69716,6913935256729964155,32,67,True,False,True,False
474,0.462890625,230.16796875,bond,manhattan,1024,0.69716,12097727645705243110,32,68,True,True,True,True
577,0.5634765625,326.380859375,bond,manhattan,1024,0.69716,13266125856890581969,32,69,True,True,True,True
432,0.421875,186.54296875,bond,manhattan,1024,0.69716,4306049462788731861,32,70,True,True,True,True
626,0.611328125,383.60546875,bond,manhattan,1024,0.69716,17036557610424432808,32,71,True,True,True,True
454,0.443359375,210.541015625,bond,manhattan,1024,0.69716,6963172282180819014,32,72,True,True,True,True
625,0.6103515625,381.984375,bond,manhattan,1024,0.69716,9899981147549588293,32,73,True,True,True,True
547,0.5341796875,293.99609375,bond,manhattan,1024,0.69716,14681118664710914271,32,74,True,True,True,True
566,0.552734375,314.953125,bond,manhattan,1024,0.69716,4694880420644306398,32,75,True,True,True,True
285,0.2783203125,93.052734375,bond,manhattan,1024,0.69716,1620624612967445700,32,76,True,False,True,False
695,0.6787109375,472.119140625,bond,manhattan,1024,0.69716,1958124475702654579,32,77,True,True,True,True
341,0.3330078125,119.251953125,bond,manhattan,1024,0.69716,12428721872553108350,32,78,False,False,False,False
575,0.5615234375,324.23046875,bond,manhattan,1024,0.69716,8777814652984755802,32,79,True,True,True,True
594,0.580078125,345.1796875,bond,manhattan,1024,0.69716,11415928017793109353,32,80,True,True,True,True
376,0.3671875,144.78515625,bond,manhattan,1024,0.69716,9196638702382840306,32,81,True,True,True,True
557,0.5439453125,304.5703125,bond,manhattan,1024,0.69716,12299328356632333921,32,82,True,True,True,True
442,0.431640625,193.15625,bond,manhattan,1024,0.69716,9274086842437025252,32,83,True,True,True,True
625,0.6103515625,383.01953125,bond,manhattan,1024,0.69716,4446482458875636709,32,84,True,True,True,True
559,0.5458984375,306.08984375,bond,manhattan,1024,0.69716,7750450267195170448,32,85,True,True,True,True
400,0.390625,168.140625,bond,manhattan,1024,0.69716,4699380530327414469,32,86,True,False,False,True
565,0.5517578125,313.12890625,bond,manhattan,1024,0.69716,2572422219340068326,32,87,True,True,True,True
263,0.2568359375,82.162109375,bond,manhattan,1024,0.69716,12029488846770107691,32,88,True,False,False,True
546,0.533203125,292.142578125,bond,manhattan,1024,0.69716,16383019774021839909,32,89,True,True,True,True
553,0.5400390625,300.1015625,bond,manhattan,1024,0.69716,3175345210140536667,32,90,True,True,True,True
624,0.609375,380.763671875,bond,manhattan,1024,0.69716,9698681737165274395,32,91,True,True,True,True
521,0.5087890625,266.52734375,bond,manhattan,1024,0.69716,17677354925085592091,32,92,True,True,True,True
465,0.4541015625,216.9375,bond,manhattan,1024,0.69716,9066085534503068486,32,93,True,True,True,True
498,0.486328125,243.328125,bond,manhattan,1024,0.69716,3764516717338425614,32,94,True,True,True,True
450,0.439453125,212.341796875,bond,manhattan,1024,0.69716,6874137050793468254,32,95,True,True,True,True
304,0.296875,139.57421875,bond,manhattan,1024,0.69716,8300541813962023881,32,96,True,False,True,False
574,0.560546875,323.1875,bond,manhattan,1024,0.69716,13037384751701257930,32,97,True,True,True,True
538,0.525390625,283.3984375,bond,manhattan,1024,0.69716,16359694071102328448,32,98,True,True,True,True
513,0.5009765625,258.3046875,bond,manhattan,1024,0.69716,9308988002273493593,32,99,True,True,True,True
611,0.5966796875,365.28515625,bond,manhattan,1024,0.69716,6452635448469281613,32,100,True,True,True,True
463,0.4521484375,211.296875,bond,manhattan,1024,0.69716,15097079805385312155,32,101,True,True,True,True
269,0.2626953125,77.544921875,bond,manhattan,1024,0.69716,6480396560640985382,32,102,True,False,True,False
420,0.41015625,173.546875,bond,manhattan,1024,0.69716,15863995563314596463,32,103,True,True,True,True
592,0.578125,343.201171875,bond,manhattan,1024,0.69716,14220633708936011378,32,104,True,True,True,True
196,0.19140625,60.02734375,bond,manhattan,1024,0.69716,3226926184805078920,32,105,False,False,False,False
615,0.6005859375,369.98046875,bond,manhattan,1024,0.69716,3179160377031878118,32,106,True,True,True,True
516,0.50390625,263.150390625,bond,manhattan,1024,0.69716,3019564021171042980,32,107,True,True,True,True
555,0.5419921875,303.791015625,bond,manhattan,1024,0.69716,5825638644451323522,32,108,True,True,True,True
534,0.521484375,280.6015625,bond,manhattan,1024,0.69716,10373753451928553819,32,109,True,True,True,True
485,0.4736328125,247.041015625,bond,manhattan,1024,0.69716,12314602568026755929,32,110,True,True,True,True
605,0.5908203125,358.63671875,bond,manhattan,1024,0.69716,5821497628670026083,32,111,True,True,True,True
332,0.32421875,110.48046875,bond,manhattan,1024,0.69716,13676297569850215815,32,112,True,False,True,False
527,0.5146484375,272.353515625,bond,manhattan,1024,0.69716,11103432050553950082,32,113,True,True,True,True
514,0.501953125,259.140625,bond,manhattan,1024,0.69716,7425793144494236538,32,114,True,True,True,True
633,0.6181640625,391.845703125,bond,manhattan,1024,0.69716,12073710976689368615,32,115,True,True,True,True
630,0.615234375,388.958984375,bond,manhattan,1024,0.69716,8930501459111193947,32,116,True,True,True,True
635,0.6201171875,394.451171875,bond,manhattan,1024,0.69716,5743571265694698548,32,117,True,True,True,True
329,0.3212890625,108.150390625,bond,manhattan,1024,0.69716,4967317032051281569,32,118,False,False,False,False
669,0.6533203125,437.58203125,bond,manhattan,1024,0.69716,6565422256481271694,32,119,True,True,True,True
498,0.486328125,247.248046875,bond,manhattan,1024,0.69716,14255851682704391215,32,120,True,True,True,True
415,0.4052734375,173.08203125,bond,manhattan,1024,0.69716,9640280644453406196,32,121,True,True,True,True
409,0.3994140625,169.791015625,bond,manhattan,1024,0.69716,5435161357941402606,32,122,True,False,True,False
202,0.197265625,55.67578125,bond,manhattan,1024,0.69716,1633275975194738656,32,123,False,False,False,False
235,0.2294921875,62.927734375,bond,manhattan,1024,0.69716,7922596672372235187,32,124,True,False,True,False
350,0.341796875,124.662109375,bond,manhattan,1024,0.69716,2146997024097427800,32,125,True,False,False,True
594,0.580078125,345.376953125,bond,manhattan,1024,0.69716,10783870916080399679,32,126,True,True,True,True
492,0.48046875,238.462890625,bond,manhattan,1024,0.69716,6488368570305137270,32,127,True,True,True,True
612,0.59765625,366.6796875,bond,manhattan,1024,0.69716,11351629210946398110,32,128,True,True,True,True
319,0.3115234375,104.568359375,bond,manhattan,1024,0.69716,5030307208599784893,32,129,True,False,True,False
179,0.1748046875,54.6875,bond,manhattan,1024,0.69716,12492588352932221058,32,130,False,False,False,False
453,0.4423828125,202.044921875,bond,manhattan,1024,0.69716,3982780269980156519,32,131,True,True,True,True
174,0.169921875,47.552734375,bond,manhattan,1024,0.69716,1113925384783236469,32,132,False,False,False,False
463,0.4521484375,212.05078125,bond,manhattan,1024,0.69716,6870376868300950539,32,133,True,True,True,True
591,0.5771484375,342.36328125,bond,manhattan,1024,0.69716,7887937622127212249,32,134,True,True,True,True
440,0.4296875,192.296875,bond,manhattan,1024,0.69716,834585284567606872,32,135,True,True,True,True
215,0.2099609375,63.6171875,bond,manhattan,1024,0.69716,13961256420532999321,32,136,False,False,False,False
701,0.6845703125,480.31640625,bond,manhattan,1024,0.69716,15857852178105885295,32,137,True,True,True,True
568,0.5546875,316.513671875,bond,manhattan,1024,0.69716,13115909066800741448,32,138,True,True,True,True
559,0.5458984375,306.046875,bond,manhattan,1024,0.69716,2120427359585772410,32,139,True,True,True,True
95,0.0927734375,24.05078125,bond,manhattan,1024,0.69716,9776002465103901491,32,140,False,False,False,False
137,0.1337890625,39.748046875,bond,manhattan,1024,0.69716,14548725883658704174,32,141,False,False,False,False
403,0.3935546875,162.703125,bond,manhattan,1024,0.69716,3051335501101075321,32,142,True,False,True,False
459,0.4482421875,207.189453125,bond,manhattan,1024,0.69716,9297702635556353757,32,143,True,True,True,True
137,0.1337890625,36.3671875,bond,manhattan,1024,0.69716,7004360605691081128,32,144,False,False,False,False
644,0.62890625,405.52734375,bond,manhattan,1024,0.69716,8406264248226989795,32,145,True,True,True,True
380,0.37109375,144.00390625,bond,manhattan,1024,0.69716,9366751269167911198,32,146,True,True,True,True
611,0.5966796875,365.6328125,bond,manhattan,1024,0.69716,3366466466424404491,32,147,True,True,True,True
141,0.1376953125,33.333984375,bond,manhattan,1024,0.69716,8968777253178137586,32,148,False,False,False,False
575,0.5615234375,323.912109375,bond,manhattan,1024,0.69716,4976027735236502055,32,149,True,True,True,True
568,0.5546875,316.818359375,bond,manhattan,1024,0.69716,5685597289827447754,32,150,True,True,True,True
420,0.41015625,186.119140625,bond,manhattan,1024,0.69716,17860077690776211673,32,151,True,True,True,True
512,0.5,261.62890625,bond,manhattan,1024,0.69716,7132204200934624855,32,152,True,True,True,True
244,0.23828125,68.46484375,bond,manhattan,1024,0.69716,11832517960886198004,32,153,True,False,True,False
371,0.3623046875,140.435546875,bond,manhattan,1024,0.69716,9363374098253187259,32,154,True,False,False,True
544,0.53125,291.1796875,bond,manhattan,1024,0.69716,3915153107194446774,32,155,True,True,True,True
413,0.4033203125,168.890625,bond,manhattan,1024,0.69716,18065907176159574962,32,156,True,True,True,True
267,0.2607421875,77.482421875,bond,manhattan,1024,0.69716,17272533500810479653,32,157,True,False,False,True
236,0.23046875,76.69140625,bond,manhattan,1024,0.69716,18444568106245810391,32,158,False,False,False,False
453,0.4423828125,202.349609375,bond,manhattan,1024,0.69716,18416266110323368367,32,159,True,True,True,True
464,0.453125,212.638671875,bond,manhattan,1024,0.69716,17591553172495324499,32,160,True,True,True,True
520,0.5078125,266.55859375,bond,manhattan,1024,0.69716,7624853599115713103,32,161,True,True,True,True
175,0.1708984375,52.51171875,bond,manhattan,1024,0.69716,1038953691874750046,32,162,True,False,False,True
636,0.62109375,396.23828125,bond,manhattan,1024,0.69716,3812757648915681246,32,163,True,True,True,True
565,0.5517578125,312.837890625,bond,manhattan,1024,0.69716,8015344404410175358,32,164,True,True,True,True
582,0.568359375,331.859375,bond,manhattan,1024,0.69716,14016142826084926878,32,165,True,True,True,True
204,0.19921875,65.744140625,bond,manhattan,1024,0.69716,11307598713403685175,32,166,False,False,False,False
605,0.5908203125,358.78125,bond,manhattan,1024,0.69716,6158833572530868946,32,167,True,True,True,True
507,0.4951171875,254.90625,bond,manhattan,1024,0.69716,17835176785811430123,32,168,True,True,True,True
550,0.537109375,296.865234375,bond,manhattan,1024,0.69716,887855187861898221,32,169,True,True,True,True
123,0.1201171875,39.8203125,bond,manhattan,1024,0.69716,13515852791417515401,32,170,False,False,False,False
633,0.6181640625,391.87109375,bond,manhattan,1024,0.69716,748247340436591943,32,171,True,True,True,True
627,0.6123046875,384.57421875,bond,manhattan,1024,0.69716,443915036298101434,32,172,True,True,True,True
517,0.5048828125,262.4921875,bond,manhattan,1024,0.69716,11088759538487715614,32,173,True,True,True,True
554,0.541015625,300.6171875,bond,manhattan,1024,0.69716,2170632140785535293,32,174,True,True,True,True
445,0.4345703125,195.240234375,bond,manhattan,1024,0.69716,6174830876741826811,32,175,True,True,True,True
547,0.5341796875,294.18359375,bond,manhattan,1024,0.69716,2948823832456406895,32,176,True,True,True,True
554,0.541015625,301.4140625,bond,manhattan,1024,0.69716,490861271266778387,32,177,True,True,True,True
494,0.482421875,241.044921875,bond,manhattan,1024,0.69716,9117124675403375281,32,178,True,True,True,True
68,0.06640625,17.939453125,bond,manhattan,1024,0.69716,10249001931051139427,32,179,False,False,False,False
359,0.3505859375,134.037109375,bond,manhattan,1024,0.69716,17173867982986750754,32,180,True,True,True,True
221,0.2158203125,61.197265625,bond,manhattan,1024,0.69716,768777923082087662,32,181,True,False,True,False
383,0.3740234375,146.291015625,bond,manhattan,1024,0.69716,17255530017517649062,32,182,True,False,False,True
585,0.5712890625,335.123046875,bond,manhattan,1024,0.69716,17030764722551038727,32,183,True,True,True,True
444,0.43359375,194.984375,bond,manhattan,1024,0.69716,11363919884293261129,32,184,True,True,True,True
620,0.60546875,376.888671875,bond,manhattan,1024,0.69716,12056236080459638535,32,185,True,True,True,True
450,0.439453125,199.349609375,bond,manhattan,1024,0.69716,4841529771040266527,32,186,True,True,True,True
145,0.1416015625,35.751953125,bond,manhattan,1024,0.69716,12255654336382982656,32,187,False,False,False,False
520,0.5078125,266.20703125,bond,manhattan,1024,0.69716,16586340923073672793,32,188,True,True,True,True
576,0.5625,325.63671875,bond,manhattan,1024,0.69716,9194957392700487093,32,189,True,True,True,True
491,0.4794921875,236.95703125,bond,manhattan,1024,0.69716,12468082204346486924,32,190,True,True,True,True
534,0.521484375,279.697265625,bond,manhattan,1024,0.69716,11650873967944893558,32,191,True,True,True,True
601,0.5869140625,353.54296875,bond,manhattan,1024,0.69716,10791848880243373926,32,192,True,True,True,True
288,0.28125,135.697265625,bond,manhattan,1024,0.69716,7466718581171153511,32,193,True,True,True,True
553,0.5400390625,300.263671875,bond,manhattan,1024,0.69716,4642689411248865932,32,194,True,True,True,True
388,0.37890625,149.6171875,bond,manhattan,1024,0.69716,16128765917481385269,32,195,True,True,True,True
491,0.4794921875,236.75,bond,manhattan,1024,0.69716,16320669350503747477,32,196,True,True,True,True
602,0.587890625,354.818359375,bond,manhattan,1024,0.69716,1011218818441382412,32,197,True,True,True,True
326,0.318359375,108.20703125,bond,manhattan,1024,0.69716,10967579061823932828,32,198,True,False,True,False
160,0.15625,37.994140625,bond,manhattan,1024,0.69716,407941413979142798,32,199,False,False,False,False
602,0.587890625,354.677734375,bond,manhattan,1024,0.69716,10480235848561122515,32,200,True,True,True,True
437,0.4267578125,190.859375,bond,manhattan,1024,0.69716,10366808019455422991,32,201,True,True,True,True
585,0.5712890625,335.068359375,bond,manhattan,1024,0.69716,12279842976032076948,32,202,True,True,True,True
531,0.5185546875,278.5078125,bond,manhattan,1024,0.69716,4141046789234392395,32,203,True,True,True,True
173,0.1689453125,58.65234375,bond,manhattan,1024,0.69716,12173901656371218594,32,204,False,False,False,False
130,0.126953125,33.30859375,bond,manhattan,1024,0.69716,491144850292383848,32,205,False,False,False,False
403,0.3935546875,161.09765625,bond,manhattan,1024,0.69716,12862550840827534622,32,206,True,True,True,True
474,0.462890625,220.654296875,bond,manhattan,1024,0.69716,12001154925727854545,32,207,True,True,True,True
189,0.1845703125,49.01171875,bond,manhattan,1024,0.69716,17077749801464381356,32,208,False,False,False,False
501,0.4892578125,246.947265625,bond,manhattan,1024,0.69716,13580556652789347033,32,209,True,False,False,True
598,0.583984375,350.232421875,bond,manhattan,1024,0.69716,15180064535940519479,32,210,True,True,True,True
526,0.513671875,271.671875,bond,manhattan,1024,0.69716,13622185454240052025,32,211,True,True,True,True
198,0.193359375,51.169921875,bond,manhattan,1024,0.69716,13680539024983878068,32,212,False,False,False,False
481,0.4697265625,227.67578125,bond,manhattan,1024,0.69716,13554540917094706856,32,213,True,True,True,True
509,0.4970703125,254.203125,bond,manhattan,1024,0.69716,7073270056462815719,32,214,True,True,True,True
99,0.0966796875,27.822265625,bond,manhattan,1024,0.69716,13720469004377180848,32,215,False,False,False,False
242,0.236328125,66.70703125,bond,manhattan,1024,0.69716,1006589198418775728,32,216,False,False,False,False
282,0.275390625,90.111328125,bond,manhattan,1024,0.69716,11200832565297868746,32,217,True,False,False,True
189,0.1845703125,52.376953125,bond,manhattan,1024,0.69716,12504128804040622420,32,218,False,False,False,False
676,0.66015625,446.966796875,bond,manhattan,1024,0.69716,8612311581810149509,32,219,True,True,True,True
617,0.6025390625,372.775390625,bond,manhattan,1024,0.69716,18374393061479047846,32,220,True,True,True,True
412,0.40234375,170.869140625,bond,manhattan,1024,0.69716,1970455239573579040,32,221,True,False,False,True
443,0.4326171875,196.791015625,bond,manhattan,1024,0.69716,6038425413033321446,32,222,True,True,True,True
254,0.248046875,69.0703125,bond,manhattan,1024,0.69716,10805127877153340965,32,223,True,False,False,True
519,0.5068359375,267.1875,bond,manhattan,1024,0.69716,18099820845489543570,32,224,True,True,True,True
479,0.4677734375,226.744140625,bond,manhattan,1024,0.69716,11809604984772900956,32,225,True,True,True,True
172,0.16796875,38.34375,bond,manhattan,1024,0.69716,1370457381778772483,32,226,False,False,False,False
378,0.369140625,144.564453125,bond,manhattan,1024,0.69716,17590698659140199045,32,227,True,True,True,True
313,0.3056640625,98.173828125,bond,manhattan,1024,0.69716,642908654893221451,32,228,True,False,False,True
628,0.61328125,386.59765625,bond,manhattan,1024,0.69716,13937096336835463687,32,229,True,True,True,True
570,0.556640625,318.423828125,bond,manhattan,1024,0.69716,17064735618491804171,32,230,True,True,True,True
348,0.33984375,133.720703125,bond,manhattan,1024,0.69716,13308203973909969519,32,231,True,True,True,True
408,0.3984375,166.357421875,bond,manhattan,1024,0.69716,7977841535001635509,32,232,True,True,True,True
442,0.431640625,192.83203125,bond,manhattan,1024,0.69716,6692781867401265372,32,233,True,False,True,False
533,0.5205078125,280.1328125,bond,manhattan,1024,0.69716,17570570037357666823,32,234,True,True,True,True
678,0.662109375,449.39453125,bond,manhattan,1024,0.69716,10145758157471093542,32,235,True,True,True,True
552,0.5390625,299.921875,bond,manhattan,1024,0.69716,11886560179994870289,32,236,True,True,True,True
457,0.4462890625,205.26171875,bond,manhattan,1024,0.69716,13448592317837173734,32,237,True,True,True,True
481,0.4697265625,229.759765625,bond,manhattan,1024,0.69716,11853684614314341348,32,238,True,True,True,True
303,0.2958984375,104.787109375,bond,manhattan,1024,0.69716,13471080628635316621,32,239,True,False,False,True
707,0.6904296875,488.71484375,bond,manhattan,1024,0.69716,10871405273227148345,32,240,True,True,True,True
79,0.0771484375,24.326171875,bond,manhattan,1024,0.69716,203506026413956865,32,241,False,False,False,False
267,0.2607421875,82.16796875,bond,manhattan,1024,0.69716,14733825852348166067,32,242,False,False,False,False
646,0.630859375,408.115234375,bond,manhattan,1024,0.69716,17706536535217540358,32,243,True,True,True,True
588,0.57421875,338.318359375,bond,manhattan,1024,0.69716,17321045658572629790,32,244,True,True,True,True
448,0.4375,201.53125,bond,manhattan,1024,0.69716,4144139345265427456,32,245,True,False,True,False
671,0.6552734375,440.091796875,bond,manhattan,1024,0.69716,607267137696696969,32,246,True,True,True,True
598,0.583984375,350.103515625,bond,manhattan,1024,0.69716,7104288055691724357,32,247,True,True,True,True
662,0.646484375,428.501953125,bond,manhattan,1024,0.69716,9828142185234433355,32,248,True,True,True,True
477,0.4658203125,230.201171875,bond,manhattan,1024,0.69716,1243570628318657016,32,249,True,False,False,True
425,0.4150390625,180.638671875,bond,manhattan,1024,0.69716,2505203904457824161,32,250,True,False,False,True
587,0.5732421875,337.390625,bond,manhattan,1024,0.69716,3019106090978725350,32,251,True,True,True,True
268,0.26171875,77.56640625,bond,manhattan,1024,0.69716,11809926267714116927,32,252,True,False,False,True
422,0.412109375,176.083984375,bond,manhattan,1024,0.69716,4825404670135272604,32,253,True,True,True,True
320,0.3125,108.734375,bond,manhattan,1024,0.69716,14581397428255920767,32,254,True,False,True,False
538,0.525390625,283.900390625,bond,manhattan,1024,0.69716,9087087789571780205,32,255,True,True,True,True
186,0.7265625,135.84375,bond,l_lattice,256,0.740193,15174948418249538719,16,0,True,True,True,True
167,0.65234375,111.203125,bond,l_lattice,256,0.740193,18374357766578244315,16,1,True,True,True,True
99,0.38671875,43.2890625,bond,l_lattice,256,0.740193,2840817179784814834,16,2,True,False,False,True
141,0.55078125,79.84375,bond,l_lattice,256,0.740193,9672875412348928849,16,3,True,True,True,True
189,0.73828125,140.546875,bond,l_lattice,256,0.740193,3492052749752024504,16,4,True,False,True,False
77,0.30078125,28.140625,bond,l_lattice,256,0.740193,5714894974328264976,16,5,True,False,False,True
196,0.765625,150.53125,bond,l_lattice,256,0.740193,2104333085609110991,16,6,True,True,True,True
141,0.55078125,79.8984375,bond,l_lattice,256,0.740193,10290594275955886732,16,7,True,True,True,True
97,0.37890625,38.890625,bond,l_lattice,256,0.740193,2780261680501600026,16,8,True,False,False,True
80,0.3125,45.375,bond,l_lattice,256,0.740193,13181740284390599506,16,9,True,False,True,False
96,0.375,46.234375,bond,l_lattice,256,0.740193,8623378554848327767,16,10,False,False,False,False
81,0.31640625,32.59375,bond,l_lattice,256,0.740193,13709276940832061005,16,11,True,False,False,True
96,0.375,39.4609375,bond,l_lattice,256,0.740193,1621215518978842771,16,12,False,False,False,False
155,0.60546875,96.4921875,bond,l_lattice,256,0.740193,13628689200679495055,16,13,True,True,True,True
165,0.64453125,107.2265625,bond,l_lattice,256,0.740193,5304649145880646176,16,14,True,True,True,True
187,0.73046875,137.3125,bond,l_lattice,256,0.740193,10274047579205900640,16,15,True,True,True,True
175,0.68359375,120.1796875,bond,l_lattice,256,0.740193,2439764148453131636,16,16,True,True,True,True
86,0.3359375,37.90625,bond,l_lattice,256,0.740193,5487826808201673597,16,17,False,False,False,False
63,0.24609375,25.125,bond,l_lattice,256,0.740193,5137553106785103539,16,18,False,False,False,False
135,0.52734375,73.5859375,bond,l_lattice,256,0.740193,9395411282734206289,16,19,True,True,True,True
87,0.33984375,40.109375,bond,l_lattice,256,0.740193,10998758203353420731,16,20,False,False,False,False
161,0.62890625,103.4296875,bond,l_lattice,256,0.740193,8227080604311279187,16,21,True,True,True,True
61,0.23828125,24.6640625,bond,l_lattice,256,0.740193,11625521096513915315,16,22,False,False,False,False
168,0.65625,110.96875,bond,l_lattice,256,0.740193,10740304788245937961,16,23,True,False,True,False
48,0.1875,16.3984375,bond,l_lattice,256,0.740193,2504641688047030414,16,24,False,False,False,False
45,0.17578125,17.0,bond,l_lattice,256,0.740193,8393145185610586694,16,25,False,False,False,False
178,0.6953125,124.5625,bond,l_lattice,256,0.740193,16131494579371875678,16,26,True,True,True,True
157,0.61328125,97.9921875,bond,l_lattice,256,0.740193,5871787377603566438,16,27,True,True,True,True
166,0.6484375,108.90625,bond,l_lattice,256,0.740193,15482150364779113677,16,28,True,True,True,True
152,0.59375,91.4765625,bond,l_lattice,256,0.740193,14695645709592506295,16,29,True,True,True,True
199,0.77734375,155.1484375,bond,l_lattice,256,0.740193,10790206681947288741,16,30,True,True,True,True
202,0.7890625,159.6015625,bond,l_lattice,256,0.740193,12577484693317658119,16,31,True,True,True,True
103,0.40234375,62.28125,bond,l_lattice,256,0.740193,5067738280210240155,16,32,True,False,True,False
122,0.4765625,62.953125,bond,l_lattice,256,0.740193,808115986556724031,16,33,True,False,False,True
160,0.625,100.8203125,bond,l_lattice,256,0.740193,8595911656032703817,16,34,True,True,True,True
126,0.4921875,66.7421875,bond,l_lattice,256,0.740193,14713319302204103858,16,35,True,False,True,False
154,0.6015625,94.1875,bond,l_lattice,256,0.740193,15073983521688638138,16,36,True,True,True,True
45,0.17578125,13.84375,bond,l_lattice,256,0.740193,1168586350342548329,16,37,False,False,False,False
168,0.65625,110.921875,bond,l_lattice,256,0.740193,15519195384555060197,16,38,True,True,True,True
147,0.57421875,85.5,bond,l_lattice,256,0.740193,1714235127248418910,16,39,True,False,True,False
198,0.7734375,153.625,bond,l_lattice,256,0.740193,11246850684790785327,16,40,True,True,True,True
101,0.39453125,46.375,bond,l_lattice,256,0.740193,8065503118136128735,16,41,True,False,False,True
214,0.8359375,179.0546875,bond,l_lattice,256,0.740193,11352577680566533306,16,42,True,True,True,True
69,0.26953125,25.3984375,bond,l_lattice,256,0.740193,120009854645421682,16,43,False,False,False,False
147,0.57421875,87.4453125,bond,l_lattice,256,0.740193,9381818350942577160,16,44,True,True,True,True
196,0.765625,150.390625,bond,l_lattice,256,0.740193,18021298083654545599,16,45,True,True,True,True
136,0.53125,76.3125,bond,l_lattice,256,0.740193,13417312641084778065,16,46,True,True,True,True
206,0.8046875,166.078125,bond,l_lattice,256,0.740193,15190314470475561240,16,47,True,True,True,True
135,0.52734375,72.8203125,bond,l_lattice,256,0.740193,10892495438057361124,16,48,True,True,True,True
162,0.6328125,103.1640625,bond,l_lattice,256,0.740193,12362504112973656758,16,49,True,True,True,True
170,0.6640625,113.6015625,bond,l_lattice,256,0.740193,3223907334695290368,16,50,True,True,True,True
165,0.64453125,107.015625,bond,l_lattice,256,0.740193,18253359286988200509,16,51,True,True,True,True
120,0.46875,59.703125,bond,l_lattice,256,0.740193,12618538734086727863,16,52,True,False,True,False
178,0.6953125,125.2421875,bond,l_lattice,256,0.740193,13481800732144496734,16,53,True,True,True,True
176,0.6875,121.4765625,bond,l_lattice,256,0.740193,16639061993870017498,16,54,True,True,True,True
199,0.77734375,155.125,bond,l_lattice,256,0.740193,17715260771116838327,16,55,True,True,True,True
181,0.70703125,128.75,bond,l_lattice,256,0.740193,5233723159488301852,16,56,True,True,True,True
106,0.4140625,46.09375,bond,l_lattice,256,0.740193,15854312916348538577,16,57,True,True,True,True
199,0.77734375,155.078125,bond,l_lattice,256,0.740193,4058954820413440538,16,58,True,True,True,True
154,0.6015625,94.1875,bond,l_lattice,256,0.740193,2664976251625666678,16,59,True,True,True,True
85,0.33203125,36.1171875,bond,l_lattice,256,0.740193,15252544938665190091,16,60,False,False,False,False
179,0.69921875,125.8125,bond,l_lattice,256,0.740193,10687504163215590855,16,61,True,True,True,True
61,0.23828125,19.609375,bond,l_lattice,256,0.740193,7747004593591084858,16,62,False,False,False,False
169,0.66015625,112.546875,bond,l_lattice,256,0.740193,10561083298475058576,16,63,True,True,True,True
203,0.79296875,161.1796875,bond,l_lattice,256,0.740193,2365387152646770692,16,64,True,True,True,True
172,0.671875,116.453125,bond,l_lattice,256,0.740193,6711881788045012539,16,65,True,True,True,True
106,0.4140625,47.2265625,bond,l_lattice,256,0.740193,3655801000746829634,16,66,True,False,False,True
196,0.765625,150.296875,bond,l_lattice,256,0.740193,1348299666597016250,16,67,True,True,True,True
189,0.73828125,139.796875,bond,l_lattice,256,0.740193,11348515896982641202,16,68,True,True,True,True
107,0.41796875,48.75,bond,l_lattice,256,0.740193,6704970722912873880,16,69,True,False,False,True
194,0.7578125,147.46875,bond,l_lattice,256,0.740193,8011751462794687403,16,70,True,True,True,True
158,0.6171875,99.078125,bond,l_lattice,256,0.740193,10251710279124346644,16,71,True,True,True,True
59,0.23046875,19.2734375,bond,l_lattice,256,0.740193,14159621287941348193,16,72,True,False,False,True
188,0.734375,138.46875,bond,l_lattice,256,0.740193,9857711954427174999,16,73,True,True,True,True
144,0.5625,88.0234375,bond,l_lattice,256,0.740193,7500480266262412922,16,74,True,True,True,True
125,0.48828125,69.84375,bond,l_lattice,256,0.740193,14825547100462578034,16,75,True,False,True,False
212,0.828125,175.8984375,bond,l_lattice,256,0.740193,8551521824357944099,16,76,True,True,True,True
59,0.23046875,18.390625,bond,l_lattice,256,0.740193,10681957895553331451,16,77,False,False,False,False
174,0.6796875,119.46875,bond,l_lattice,256,0.740193,8164395037739844037,16,78,True,True,True,True
156,0.609375,98.59375,bond,l_lattice,256,0.740193,17356987797431558775,16,79,True,False,False,True
180,0.703125,127.6796875,bond,l_lattice,256,0.740193,9946142979445303166,16,80,True,True,True,True
192,0.75,144.6015625,bond,l_lattice,256,0.740193,4000722852524180323,16,81,True,True,True,True
108,0.421875,52.3984375,bond,l_lattice,256,0.740193,11535649322110135968,16,82,False,False,False,False
166,0.6484375,109.21875,bond,l_lattice,256,0.740193,9902691983246899896,16,83,True,False,True,False
150,0.5859375,89.234375,bond,l_lattice,256,0.740193,16174621024059641968,16,84,True,True,True,True
170,0.6640625,114.40625,bond,l_lattice,256,0.740193,16914036317785512696,16,85,True,True,True,True
115,0.44921875,53.4140625,bond,l_lattice,256,0.740193,10972639181700352276,16,86,True,True,True,True
154,0.6015625,93.796875,bond,l_lattice,256,0.740193,9437550734357334893,16,87,True,False,False,True
190,0.7421875,141.4140625,bond,l_lattice,256,0.740193,6557192709328228536,16,88,True,True,True,True
142,0.5546875,80.015625,bond,l_lattice,256,0.740193,15987979907449837656,16,89,True,False,False,True
134,0.5234375,71.3671875,bond,l_lattice,256,0.740193,10597468126085437348,16,90,True,False,False,True
186,0.7265625,135.7421875,bond,l_lattice,256,0.740193,6320403708077982431,16,91,True,True,True,True
149,0.58203125,87.421875,bond,l_lattice,256,0.740193,6440551362518475361,16,92,True,True,True,True
132,0.515625,69.59375,bond,l_lattice,256,0.740193,11836475290279549905,16,93,True,True,True,True
78,0.3046875,29.8828125,bond,l_lattice,256,0.740193,15687437839524452163,16,94,False,False,False,False
153,0.59765625,96.046875,bond,l_lattice,256,0.740193,17924774045972857373,16,95,True,True,True,True
165,0.64453125,109.5078125,bond,l_lattice,256,0.740193,12864172940864873250,16,96,True,True,True,True
162,0.6328125,103.9609375,bond,l_lattice,256,0.740193,10150694027671183636,16,97,True,True,True,True
189,0.73828125,139.9140625,bond,l_lattice,256,0.740193,11746500021502736062,16,98,True,True,True,True
153,0.59765625,92.546875,bond,l_lattice,256,0.740193,8747984606314131543,16,99,True,True,True,True
193,0.75390625,146.6171875,bond,l_lattice,256,0.740193,12683499624777951573,16,100,True,True,True,True
67,0.26171875,23.3359375,bond,l_lattice,256,0.740193,11619825679388302398,16,101,True,False,True,False
59,0.23046875,27.2890625,bond,l_lattice,256,0.740193,875086153273686998,16,102,False,False,False,False
176,0.6875,121.765625,bond,l_lattice,256,0.740193,12936752311044999452,16,103,True,True,True,True
112,0.4375,51.5390625,bond,l_lattice,256,0.740193,2400272462307220433,16,104,True,False,False,True
112,0.4375,51.890625,bond,l_lattice,256,0.740193,6657684774338423709,16,105,True,True,True,True
178,0.6953125,125.3125,bond,l_lattice,256,0.740193,12247885235009095469,16,106,True,True,True,True
132,0.515625,69.9296875,bond,l_lattice,256,0.740193,9952958529435727722,16,107,True,True,True,True
191,0.74609375,143.1328125,bond,l_lattice,256,0.740193,17759341175349237545,16,108,True,True,True,True
146,0.5703125,86.421875,bond,l_lattice,256,0.740193,11306487295556100165,16,109,True,False,False,True
108,0.421875,51.3125,bond,l_lattice,256,0.740193,1541371980184694030,16,110,False,False,False,False
169,0.66015625,112.890625,bond,l_lattice,256,0.740193,12481959683000097329,16,111,True,False,False,True
158,0.6171875,98.625,bond,l_lattice,256,0.740193,12086037074591848603,16,112,True,True,True,True
68,0.265625,29.9453125,bond,l_lattice,256,0.740193,9956908470431411001,16,113,False,False,False,False
102,0.3984375,61.65625,bond,l_lattice,256,0.740193,10928357606926898001,16,114,True,False,False,True
85,0.33203125,34.21875,bond,l_lattice,256,0.740193,6670807662505224458,16,115,True,False,False,True
116,0.453125,59.21875,bond,l_lattice,256,0.740193,2459651865305977737,16,116,True,False,False,True
188,0.734375,139.2421875,bond,l_lattice,256,0.740193,1554101441002618725,16,117,True,True,True,True
129,0.50390625,66.5859375,bond,l_lattice,256,0.740193,16259434988913708105,16,118,True,True,True,True
198,0.7734375,153.4140625,bond,l_lattice,256,0.740193,11995049693119592983,16,119,True,True,True,True
212,0.828125,175.8984375,bond,l_lattice,256,0.740193,13188622736257740671,16,120,True,True,True,True
124,0.484375,61.546875,bond,l_lattice,256,0.740193,11579609292614273615,16,121,True,True,True,True
70,0.2734375,29.09375,bond,l_lattice,256,0.740193,8510584424142649270,16,122,False,False,False,False
58,0.2265625,17.9140625,bond,l_lattice,256,0.740193,13447019836540620291,16,123,False,False,False,False
159,0.62109375,100.15625,bond,l_lattice,256,0.740193,8368311655895583316,16,124,True,True,True,True
168,0.65625,111.0703125,bond,l_lattice,256,0.740193,730625196397601073,16,125,True,True,True,True
209,0.81640625,171.2109375,bond,l_lattice,256,0.740193,984077217514515267,16,126,True,True,True,True
161,0.62890625,103.5078125,bond,l_lattice,256,0.740193,5632315444756583086,16,127,True,True,True,True
51,0.19921875,16.0859375,bond,l_lattice,256,0.740193,16414771972562373598,16,128,False,False,False,False
216,0.84375,182.453125,bond,l_lattice,256,0.740193,6175374302032546345,16,129,True,True,True,True
146,0.5703125,92.1875,bond,l_lattice,256,0.740193,15909678696625586284,16,130,True,False,False,True
79,0.30859375,41.53125,bond,l_lattice,256,0.740193,17247393438750248022,16,131,False,False,False,False
186,0.7265625,135.5546875,bond,l_lattice,256,0.740193,2865842396571267914,16,132,True,True,True,True
77,0.30078125,32.9609375,bond,l_lattice,256,0.740193,2341225635033006199,16,133,True,False,True,False
143,0.55859375,81.265625,bond,l_lattice,256,0.740193,13005513646361087825,16,134,True,True,True,True
73,0.28515625,45.1171875,bond,l_lattice,256,0.740193,9664026003803203465,16,135,False,False,False,False
199,0.77734375,154.9609375,bond,l_lattice,256,0.740193,7920272569698820227,16,136,True,True,True,True
100,0.390625,47.234375,bond,l_lattice,256,0.740193,7375997887833058149,16,137,True,False,False,True
145,0.56640625,84.0234375,bond,l_lattice,256,0.740193,8594245808939628010,16,138,True,True,True,True
169,0.66015625,112.6171875,bond,l_lattice,256,0.740193,6940984859795619053,16,139,True,True,True,True
200,0.78125,156.5625,bond,l_lattice,256,0.740193,18132092976074737464,16,140,True,True,True,True
208,0.8125,169.234375,bond,l_lattice,256,0.740193,16469091133142414762,16,141,True,True,True,True
181,0.70703125,128.7578125,bond,l_lattice,256,0.740193,9326167326540087619,16,142,True,True,True,True
133,0.51953125,74.828125,bond,l_lattice,256,0.740193,10366700310371130558,16,143,True,False,False,True
174,0.6796875,119.0390625,bond,l_lattice,256,0.740193,13038759782392837955,16,144,True,True,True,True
160,0.625,100.5390625,bond,l_lattice,256,0.740193,4965128229351797387,16,145,True,True,True,True
173,0.67578125,117.6328125,bond,l_lattice,256,0.740193,5070616898633865243,16,146,True,True,True,True
185,0.72265625,134.1796875,bond,l_lattice,256,0.740193,3615864206138158286,16,147,True,True,True,True
94,0.3671875,39.0625,bond,l_lattice,256,0.740193,6455099332405633891,16,148,False,False,False,False
199,0.77734375,155.171875,bond,l_lattice,256,0.740193,1704939797181083748,16,149,True,True,True,True
170,0.6640625,113.609375,bond,l_lattice,256,0.740193,14954790135352715677,16,150,True,True,True,True
71,0.27734375,23.8203125,bond,l_lattice,256,0.740193,15541357411049449464,16,151,False,False,False,False
104,0.40625,46.4453125,bond,l_lattice,256,0.740193,13676943733620264409,16,152,True,False,False,True
99,0.38671875,42.25,bond,l_lattice,256,0.740193,16325660087330660618,16,153,True,False,False,True
170,0.6640625,114.046875,bond,l_lattice,256,0.740193,14200342528983765354,16,154,True,True,True,True
196,0.765625,150.5625,bond,l_lattice,256,0.740193,376836433598438443,16,155,True,True,True,True
176,0.6875,121.671875,bond,l_lattice,256,0.740193,16734415039950833340,16,156,True,False,True,False
65,0.25390625,33.09375,bond,l_lattice,256,0.740193,3414903234423637516,16,157,False,False,False,False
133,0.51953125,71.5,bond,l_lattice,256,0.740193,740407720074344572,16,158,True,False,True,False
175,0.68359375,120.3203125,bond,l_lattice,256,0.740193,3805998379158529928,16,159,True,True,True,True
180,0.703125,127.78125,bond,l_lattice,256,0.740193,5599879274002516316,16,160,True,True,True,True
154,0.6015625,93.8203125,bond,l_lattice,256,0.740193,410068064040928163,16,161,True,True,True,True
119,0.46484375,58.0859375,bond,l_lattice,256,0.740193,7428193403217169908,16,162,True,False,False,True
212,0.828125,176.2109375,bond,l_lattice,256,0.740193,7069926362581880127,16,163,True,True,True,True
195,0.76171875,148.8671875,bond,l_lattice,256,0.740193,3384930490881757252,16,164,True,True,True,True
204,0.796875,162.9296875,bond,l_lattice,256,0.740193,10936929652024315657,16,165,True,True,True,True
180,0.703125,127.1875,bond,l_lattice,256,0.740193,11953481227679609533,16,166,True,True,True,True
69,0.26953125,31.296875,bond,l_lattice,256,0.740193,6847247634183240987,16,167,False,False,False,False
142,0.5546875,79.828125,bond,l_lattice,256,0.740193,12921009597538372238,16,168,True,False,False,True
145,0.56640625,87.1796875,bond,l_lattice,256,0.740193,11725313099087249684,16,169,True,True,True,True
210,0.8203125,172.4453125,bond,l_lattice,256,0.740193,9177323136914575035,16,170,True,True,True,True
150,0.5859375,93.28125,bond,l_lattice,256,0.740193,4037487485078513878,16,171,True,True,True,True
136,0.53125,74.90625,bond,l_lattice,256,0.740193,13404445664699346691,16,172,True,False,False,True
38,0.1484375,13.34375,bond,l_lattice,256,0.740193,11029431529421617728,16,173,False,False,False,False
195,0.76171875,148.9375,bond,l_lattice,256,0.740193,14751695074799134634,16,174,True,True,True,True
146,0.5703125,86.703125,bond,l_lattice,256,0.740193,5551211996745901066,16,175,True,False,False,True
173,0.67578125,117.375,bond,l_lattice,256,0.740193,7854142053747198690,16,176,True,True,True,True
169,0.66015625,112.453125,bond,l_lattice,256,0.740193,7896974063167580847,16,177,True,True,True,True
161,0.62890625,104.8359375,bond,l_lattice,256,0.740193,16323909355372268254,16,178,True,True,True,True
130,0.5078125,69.984375,bond,l_lattice,256,0.740193,12072625259614379900,16,179,True,True,True,True
119,0.46484375,56.9375,bond,l_lattice,256,0.740193,15812859486512354041,16,180,True,True,True,True
103,0.40234375,45.328125,bond,l_lattice,256,0.740193,8717994978616996915,16,181,True,False,False,True
189,0.73828125,140.0546875,bond,l_lattice,256,0.740193,13809972111648289332,16,182,True,True,True,True
138,0.5390625,77.328125,bond,l_lattice,256,0.740193,144653150912386044,16,183,True,True,True,True
174,0.6796875,119.3359375,bond,l_lattice,256,0.740193,8362295562662494115,16,184,True,True,True,True
180,0.703125,127.0,bond,l_lattice,256,0.740193,16378594876972100473,16,185,True,True,True,True
143,0.55859375,82.1328125,bond,l_lattice,256,0.740193,6356295260590634227,16,186,True,True,True,True
180,0.703125,127.6328125,bond,l_lattice,256,0.740193,1013062171821740710,16,187,True,True,True,True
86,0.3359375,33.2578125,bond,l_lattice,256,0.740193,1421389915771346009,16,188,False,False,False,False
152,0.59375,93.796875,bond,l_lattice,256,0.740193,3760394734066853504,16,189,True,True,True,True
165,0.64453125,107.1796875,bond,l_lattice,256,0.740193,8019468762574688622,16,190,True,True,True,True
57,0.22265625,22.203125,bond,l_lattice,256,0.740193,4755383195322843974,16,191,False,False,False,False
117,0.45703125,55.7890625,bond,l_lattice,256,0.740193,3524513902356908242,16,192,True,False,False,True
173,0.67578125,117.640625,bond,l_lattice,256,0.740193,12233071397105941561,16,193,True,True,True,True
125,0.48828125,63.625,bond,l_lattice,256,0.740193,16108135099231222190,16,194,True,True,True,True
85,0.33203125,33.546875,bond,l_lattice,256,0.740193,1199839136333949476,16,195,False,False,False,False
173,0.67578125,118.03125,bond,l_lattice,256,0.740193,760628847983094792,16,196,True,True,True,True
58,0.2265625,20.421875,bond,l_lattice,256,0.740193,816229266192030393,16,197,False,False,False,False
175,0.68359375,120.90625,bond,l_lattice,256,0.740193,11758702834783053187,16,198,True,True,True,True
207,0.80859375,167.6171875,bond,l_lattice,256,0.740193,15823180303734323485,16,199,True,True,True,True
137,0.53515625,77.015625,bond,l_lattice,256,0.740193,17737542079283783593,16,200,True,True,True,True
199,0.77734375,155.03125,bond,l_lattice,256,0.740193,17990482164856317295,16,201,True,True,True,True
174,0.6796875,119.015625,bond,l_lattice,256,0.740193,2122774251863050757,16,202,True,False,False,True
138,0.5390625,76.484375,bond,l_lattice,256,0.740193,11593232803300572204,16,203,True,False,True,False
171,0.66796875,116.125,bond,l_lattice,256,0.740193,15722672841492252503,16,204,True,True,True,True
91,0.35546875,59.5,bond,l_lattice,256,0.740193,11089727253600467686,16,205,True,False,False,True
146,0.5703125,85.6953125,bond,l_lattice,256,0.740193,13611965541307106542,16,206,True,True,True,True
195,0.76171875,149.1015625,bond,l_lattice,256,0.740193,3045886605986862786,16,207,True,True,True,True
183,0.71484375,131.4140625,bond,l_lattice,256,0.740193,10917310608063333622,16,208,True,True,True,True
31,0.12109375,11.2421875,bond,l_lattice,256,0.740193,10807507196313773771,16,209,False,False,False,False
180,0.703125,127.1640625,bond,l_lattice,256,0.740193,15911059334463900375,16,210,True,True,True,True
146,0.5703125,87.625,bond,l_lattice,256,0.740193,764104188208341965,16,211,True,True,True,True
207,0.80859375,167.6640625,bond,l_lattice,256,0.740193,2404638659226236616,16,212,True,True,True,True
64,0.25,23.1875,bond,l_lattice,256,0.740193,9883190353282869384,16,213,False,False,False,False
193,0.75390625,145.9140625,bond,l_lattice,256,0.740193,7127105028255160626,16,214,True,True,True,True
158,0.6171875,98.46875,bond,l_lattice,256,0.740193,11349785399954356141,16,215,True,True,True,True
177,0.69140625,123.3671875,bond,l_lattice,256,0.740193,9264742841579635800,16,216,True,True,True,True
137,0.53515625,75.46875,bond,l_lattice,256,0.740193,1628613084832327971,16,217,True,False,False,True
193,0.75390625,146.40625,bond,l_lattice,256,0.740193,16792941153118039458,16,218,True,True,True,True
180,0.703125,127.8671875,bond,l_lattice,256,0.740193,17139587038786795817,16,219,True,True,True,True
175,0.68359375,120.8125,bond,l_lattice,256,0.740193,15935424252057251607,16,220,True,True,True,True
181,0.70703125,128.7109375,bond,l_lattice,256,0.740193,11687445762785192652,16,221,True,True,True,True
197,0.76953125,152.328125,bond,l_lattice,256,0.740193,8088988762436435124,16,222,True,True,True,True
145,0.56640625,85.109375,bond,l_lattice,256,0.740193,10246832853311955032,16,223,True,True,True,True
67,0.26171875,36.8046875,bond,l_lattice,256,0.740193,599227020354426673,16,224,True,False,False,True
203,0.79296875,161.34375,bond,l_lattice,256,0.740193,10685230090613769326,16,225,True,True,True,True
157,0.61328125,96.8359375,bond,l_lattice,256,0.740193,1434795711222939351,16,226,True,True,True,True
192,0.75,144.5078125,bond,l_lattice,256,0.740193,4884126057849940002,16,227,True,True,True,True
159,0.62109375,100.0234375,bond,l_lattice,256,0.740193,400651349858205303,16,228,True,False,True,False
119,0.46484375,66.0234375,bond,l_lattice,256,0.740193,20970585079016893,16,229,True,False,False,True
170,0.6640625,113.5078125,bond,l_lattice,256,0.740193,6960468061663011443,16,230,True,True,True,True
84,0.328125,31.828125,bond,l_lattice,256,0.740193,8759231222515894487,16,231,False,False,False,False
196,0.765625,150.625,bond,l_lattice,256,0.740193,10573668989601190541,16,232,True,True,True,True
190,0.7421875,141.3671875,bond,l_lattice,256,0.740193,11099007031272105549,16,233,True,True,True,True
112,0.4375,53.5859375,bond,l_lattice,256,0.740193,1608000767714345656,16,234,True,False,True,False
118,0.4609375,56.34375,bond,l_lattice,256,0.740193,17733022455451664057,16,235,True,False,True,False
126,0.4921875,64.8515625,bond,l_lattice,256,0.740193,11322161318065110876,16,236,True,True,True,True
200,0.78125,156.515625,bond,l_lattice,256,0.740193,643130204714367835,16,237,True,True,True,True
142,0.5546875,80.1015625,bond,l_lattice,256,0.740193,10942443234001699499,16,238,True,False,True,False
174,0.6796875,118.7265625,bond,l_lattice,256,0.740193,13283901189076082950,16,239,True,True,True,True
32,0.125,10.359375,bond,l_lattice,256,0.740193,13427931751366721025,16,240,False,False,False,False
124,0.484375,65.0859375,bond,l_lattice,256,0.740193,2544325847473737497,16,241,True,False,True,False
198,0.7734375,153.4140625,bond,l_lattice,256,0.740193,11462798270033817204,16,242,True,True,True,True
172,0.671875,116.4609375,bond,l_lattice,256,0.740193,165646124476655161,16,243,True,True,True,True
162,0.6328125,103.5,bond,l_lattice,256,0.740193,1819028206333603301,16,244,True,False,False,True
202,0.7890625,159.953125,bond,l_lattice,256,0.740193,14048899054506088235,16,245,True,True,True,True
181,0.70703125,128.7578125,bond,l_lattice,256,0.740193,735136482489761170,16,246,True,True,True,True
166,0.6484375,110.0625,bond,l_lattice,256,0.740193,15841827993719190345,16,247,True,True,True,True
189,0.73828125,140.0078125,bond,l_lattice,256,0.740193,15409873106276131074,16,248,True,True,True,True
200,0.78125,156.515625,bond,l_lattice,256,0.740193,8203216142933846771,16,249,True,True,True,True
66,0.2578125,25.1875,bond,l_lattice,256,0.740193,5306931592160704952,16,250,False,False,False,False
136,0.53125,74.109375,bond,l_lattice,256,0.740193,5185492196427921426,16,251,True,True,True,True
165,0.64453125,106.796875,bond,l_lattice,256,0.740193,1454144268997562327,16,252,True,True,True,True
212,0.828125,175.734375,bond,l_lattice,256,0.740193,10886009816504499107,16,253,True,True,True,True
176,0.6875,121.6875,bond,l_lattice,256,0.740193,12282699559012084804,16,254,True,True,True,True
187,0.73046875,137.1328125,bond,l_lattice,256,0.740193,8233387870478993704,16,255,True,True,True,True
325,0.3173828125,135.986328125,bond,l_lattice,1024,0.740193,5153055859363006652,32,0,False,False,False,False
668,0.65234375,437.0234375,bond,l_lattice,1024,0.740193,2078927507435140087,32,1,True,True,True,True
526,0.513671875,273.380859375,bond,l_lattice,1024,0.740193,6982519934396923552,32,2,True,True,True,True
355,0.3466796875,147.97265625,bond,l_lattice,1024,0.740193,11984450815195400582,32,3,True,False,True,False
770,0.751953125,579.482421875,bond,l_lattice,1024,0.740193,3044923195722899773,32,4,True,True,True,True
534,0.521484375,281.640625,bond,l_lattice,1024,0.740193,2029095678653767811,32,5,True,False,False,True
539,0.5263671875,287.9453125,bond,l_lattice,1024,0.740193,355110656396493047,32,6,True,True,True,True
507,0.4951171875,259.396484375,bond,l_lattice,1024,0.740193,18428076654640650342,32,7,True,False,True,False
703,0.6865234375,485.994140625,bond,l_lattice,1024,0.740193,17572201988895258433,32,8,True,True,True,True
583,0.5693359375,334.234375,bond,l_lattice,1024,0.740193,2839367432116041808,32,9,True,True,True,True
743,0.7255859375,539.6640625,bond,l_lattice,1024,0.740193,7862944303737091543,32,10,True,True,True,True
651,0.6357421875,415.7578125,bond,l_lattice,1024,0.740193,2896690496784045842,32,11,True,False,False,True
218,0.212890625,72.16796875,bond,l_lattice,1024,0.740193,13840158062653724584,32,12,True,False,True,False
387,0.3779296875,151.48046875,bond,l_lattice,1024,0.740193,11345520928957354730,32,13,False,False,False,False
522,0.509765625,271.138671875,bond,l_lattice,1024,0.740193,15465569348619827988,32,14,True,False,False,True
180,0.17578125,52.9453125,bond,l_lattice,1024,0.740193,9117853780354770674,32,15,False,False,False,False
710,0.693359375,495.60546875,bond,l_lattice,1024,0.740193,16213917786288528714,32,16,True,True,True,True
333,0.3251953125,116.287109375,bond,l_lattice,1024,0.740193,11758376081897645408,32,17,False,False,False,False
751,0.7333984375,551.328125,bond,l_lattice,1024,0.740193,6566580634446319995,32,18,True,True,True,True
131,0.1279296875,38.1015625,bond,l_lattice,1024,0.740193,4506045607700651661,32,19,False,False,False,False
445,0.4345703125,200.86328125,bond,l_lattice,1024,0.740193,11374892282311813641,32,20,True,True,True,True
581,0.5673828125,331.07421875,bond,l_lattice,1024,0.740193,8065047571095267007,32,21,True,True,True,True
791,0.7724609375,611.4375,bond,l_lattice,1024,0.740193,17426659649311675703,32,22,True,True,True,True
136,0.1328125,46.556640625,bond,l_lattice,1024,0.740193,11501955282216880464,32,23,False,False,False,False
451,0.4404296875,211.267578125,bond,l_lattice,1024,0.740193,4586309397343883885,32,24,True,True,True,True
708,0.69140625,491.3828125,bond,l_lattice,1024,0.740193,6439915453544692446,32,25,True,True,True,True
657,0.6416015625,422.466796875,bond,l_lattice,1024,0.740193,3780460603101093351,32,26,True,True,True,True
717,0.7001953125,502.505859375,bond,l_lattice,1024,0.740193,5459333709574886863,32,27,True,True,True,True
567,0.5537109375,316.634765625,bond,l_lattice,1024,0.740193,12898934661049569208,32,28,True,False,True,False
472,0.4609375,224.875,bond,l_lattice,1024,0.740193,15135294199497837590,32,29,True,False,False,True
701,0.6845703125,480.888671875,bond,l_lattice,1024,0.740193,13909466758843917574,32,30,True,True,True,True
688,0.671875,464.0078125,bond,l_lattice,1024,0.740193,6850487618990489432,32,31,True,True,True,True
624,0.609375,381.86328125,bond,l_lattice,1024,0.740193,12121322862559646865,32,32,True,True,True,True
538,0.525390625,285.72265625,bond,l_lattice,1024,0.740193,17787696166981072253,32,33,True,True,True,True
536,0.5234375,283.501953125,bond,l_lattice,1024,0.740193,9504775219821255084,32,34,True,True,True,True
642,0.626953125,404.287109375,bond,l_lattice,1024,0.740193,15795824951581906763,32,35,True,True,True,True
360,0.3515625,141.021484375,bond,l_lattice,1024,0.740193,13479062332272055285,32,36,True,False,False,True
385,0.3759765625,153.94140625,bond,l_lattice,1024,0.740193,5777885753495912741,32,37,False,False,False,False
702,0.685546875,482.296875,bond,l_lattice,1024,0.740193,8091157669887060757,32,38,True,True,True,True
638,0.623046875,399.173828125,bond,l_lattice,1024,0.740193,17662905721031761620,32,39,True,True,True,True
228,0.22265625,83.466796875,bond,l_lattice,1024,0.740193,10516055277201610256,32,40,True,False,False,True
749,0.7314453125,548.5859375,bond,l_lattice,1024,0.740193,17136003335162242169,32,41,True,True,True,True
188,0.18359375,49.94140625,bond,l_lattice,1024,0.740193,13308880052642264150,32,42,False,False,False,False
612,0.59765625,367.34375,bond,l_lattice,1024,0.740193,14157349779357106528,32,43,True,True,True,True
542,0.529296875,292.583984375,bond,l_lattice,1024,0.740193,12379343068473968154,32,44,True,True,True,True
588,0.57421875,339.48046875,bond,l_lattice,1024,0.740193,4362203694842443754,32,45,True,True,True,True
689,0.6728515625,468.1796875,bond,l_lattice,1024,0.740193,14568331790880270816,32,46,True,True,True,True
590,0.576171875,344.0078125,bond,l_lattice,1024,0.740193,10361990641053858270,32,47,True,True,True,True
361,0.3525390625,135.35546875,bond,l_lattice,1024,0.740193,5594972605631844753,32,48,True,False,False,True
437,0.4267578125,193.115234375,bond,l_lattice,1024,0.740193,7433605974043255287,32,49,True,True,True,True
652,0.63671875,417.869140625,bond,l_lattice,1024,0.740193,18244657580722623675,32,50,True,True,True,True
419,0.4091796875,176.8828125,bond,l_lattice,1024,0.740193,16406571789153862357,32,51,False,False,False,False
483,0.4716796875,233.744140625,bond,l_lattice,1024,0.740193,2202789683091536274,32,52,True,False,False,True
712,0.6953125,495.8359375,bond,l_lattice,1024,0.740193,2701358525742451857,32,53,True,True,True,True
613,0.5986328125,368.99609375,bond,l_lattice,1024,0.740193,8916057671384176112,32,54,True,True,True,True
593,0.5791015625,346.4765625,bond,l_lattice,1024,0.740193,5646229861556818650,32,55,True,True,True,True
483,0.4716796875,234.763671875,bond,l_lattice,1024,0.740193,2470518342926658776,32,56,True,True,True,True
555,0.5419921875,304.154296875,bond,l_lattice,1024,0.740193,3890925595881453828,32,57,True,True,True,True
436,0.42578125,192.521484375,bond,l_lattice,1024,0.740193,9827266787018394254,32,58,True,True,True,True
680,0.6640625,453.70703125,bond,l_lattice,1024,0.740193,2844425795884039601,32,59,True,True,True,True
401,0.3916015625,161.791015625,bond,l_lattice,1024,0.740193,14607965770918147994,32,60,True,False,True,False
395,0.3857421875,170.005859375,bond,l_lattice,1024,0.740193,6645689906561285931,32,61,True,False,True,False
214,0.208984375,70.51171875,bond,l_lattice,1024,0.740193,5357322700631093185,32,62,True,False,True,False
666,0.650390625,434.595703125,bond,l_lattice,1024,0.740193,4683425658402508445,32,63,True,True,True,True
531,0.5185546875,278.83203125,bond,l_lattice,1024,0.740193,9984458890363080778,32,64,True,True,True,True
384,0.375,163.21484375,bond,l_lattice,1024,0.740193,13731544747851983833,32,65,True,False,False,True
485,0.4736328125,236.02734375,bond,l_lattice,1024,0.740193,5204029798007333137,32,66,True,True,True,True
235,0.2294921875,101.234375,bond,l_lattice,1024,0.740193,4212742662803429557,32,67,True,False,True,False
426,0.416015625,186.419921875,bond,l_lattice,1024,0.740193,18422864829018075936,32,68,True,False,True,False
369,0.3603515625,147.09765625,bond,l_lattice,1024,0.740193,9854298677769794040,32,69,True,False,True,False
197,0.1923828125,82.087890625,bond,l_lattice,1024,0.740193,6702118587900656747,32,70,False,False,False,False
589,0.5751953125,340.408203125,bond,l_lattice,1024,0.740193,7008405141746176823,32,71,True,True,True,True
215,0.2099609375,66.80859375,bond,l_lattice,1024,0.740193,6860015839502428816,32,72,False,False,False,False
439,0.4287109375,198.5390625,bond,l_lattice,1024,0.740193,6460559442350212866,32,73,True,False,False,True
672,0.65625,441.966796875,bond,l_lattice,1024,0.740193,10510090833126705190,32,74,True,True,True,True
509,0.4970703125,258.5390625,bond,l_lattice,1024,0.740193,16429296015877030769,32,75,True,True,True,True
522,0.509765625,273.109375,bond,l_lattice,1024,0.740193,16444851409325671384,32,76,True,True,True,True
599,0.5849609375,353.13671875,bond,l_lattice,1024,0.740193,2251499233018578272,32,77,True,True,True,True
613,0.5986328125,368.396484375,bond,l_lattice,1024,0.740193,9796516759938082163,32,78,True,True,True,True
525,0.5126953125,272.376953125,bond,l_lattice,1024,0.740193,1778032287805661506,32,79,True,True,True,True
710,0.693359375,493.443359375,bond,l_lattice,1024,0.740193,5267823824506235540,32,80,True,True,True,True
490,0.478515625,241.0,bond,l_lattice,1024,0.740193,6206950143106802837,32,81,True,False,False,True
615,0.6005859375,372.6640625,bond,l_lattice,1024,0.740193,10589979713117401306,32,82,True,True,True,True
581,0.5673828125,332.83984375,bond,l_lattice,1024,0.740193,4117045955745781667,32,83,True,True,True,True
350,0.341796875,129.365234375,bond,l_lattice,1024,0.740193,1111115119342488092,32,84,False,False,False,False
398,0.388671875,164.376953125,bond,l_lattice,1024,0.740193,16635556914069522067,32,85,True,False,False,True
482,0.470703125,233.767578125,bond,l_lattice,1024,0.740193,8188697134016836316,32,86,True,False,False,True
583,0.5693359375,333.525390625,bond,l_lattice,1024,0.740193,13454353937441610814,32,87,True,True,True,True
426,0.416015625,189.939453125,bond,l_lattice,1024,0.740193,16580675974793681764,32,88,True,False,True,False
545,0.5322265625,292.73046875,bond,l_lattice,1024,0.740193,9475841025013274115,32,89,True,True,True,True
629,0.6142578125,390.51171875,bond,l_lattice,1024,0.740193,11586891832308752809,32,90,True,True,True,True
376,0.3671875,146.275390625,bond,l_lattice,1024,0.740193,2820545800916794282,32,91,False,False,False,False
451,0.4404296875,203.900390625,bond,l_lattice,1024,0.740193,2052364259520361822,32,92,True,False,True,False
578,0.564453125,329.1015625,bond,l_lattice,1024,0.740193,9809969849536623154,32,93,True,False,True,False
611,0.5966796875,366.74609375,bond,l_lattice,1024,0.740193,10986357549536576913,32,94,True,True,True,True
768,0.75,576.603515625,bond,l_lattice,1024,0.740193,13003561419748274343,32,95,True,True,True,True
623,0.6083984375,382.818359375,bond,l_lattice,1024,0.740193,893677930944709663,32,96,True,True,True,True
434,0.423828125,191.310546875,bond,l_lattice,1024,0.740193,16884082456502118966,32,97,True,False,False,True
429,0.4189453125,186.0859375,bond,l_lattice,1024,0.740193,2829107850026338566,32,98,True,False,False,True
145,0.1416015625,60.12890625,bond,l_lattice,1024,0.740193,11613830647708587213,32,99,False,False,False,False
548,0.53515625,299.046875,bond,l_lattice,1024,0.740193,6713920085774731282,32,100,True,False,False,True
658,0.642578125,428.58984375,bond,l_lattice,1024,0.740193,8467365311734991231,32,101,True,True,True,True
744,0.7265625,541.26953125,bond,l_lattice,1024,0.740193,13496109489806781622,32,102,True,True,True,True
595,0.5810546875,352.1328125,bond,l_lattice,1024,0.740193,18379777203654423376,32,103,True,True,True,True
710,0.693359375,493.015625,bond,l_lattice,1024,0.740193,8162954435061198773,32,104,True,True,True,True
556,0.54296875,305.21875,bond,l_lattice,1024,0.740193,6424994721173165165,32,105,True,True,True,True
548,0.53515625,296.322265625,bond,l_lattice,1024,0.740193,11111369179205859884,32,106,True,True,True,True
672,0.65625,442.453125,bond,l_lattice,1024,0.740193,6623718877014246027,32,107,True,True,True,True
539,0.5263671875,287.099609375,bond,l_lattice,1024,0.740193,2075227227656973426,32,108,True,True,True,True
727,0.7099609375,517.068359375,bond,l_lattice,1024,0.740193,16257052432872871106,32,109,True,True,True,True
705,0.6884765625,487.30078125,bond,l_lattice,1024,0.740193,13077834009735634285,32,110,True,True,True,True
260,0.25390625,109.73828125,bond,l_lattice,1024,0.740193,8867581191867106689,32,111,True,False,True,False
663,0.6474609375,430.4375,bond,l_lattice,1024,0.740193,13431808974039222750,32,112,True,True,True,True
528,0.515625,280.28125,bond,l_lattice,1024,0.740193,1751983467640550377,32,113,True,True,True,True
574,0.560546875,325.93359375,bond,l_lattice,1024,0.740193,12458689607964151393,32,114,True,True,True,True
198,0.193359375,53.66015625,bond,l_lattice,1024,0.740193,6696265663491421352,32,115,False,False,False,False
162,0.158203125,53.654296875,bond,l_lattice,1024,0.740193,12911814232111767408,32,116,False,False,False,False
91,0.0888671875,34.533203125,bond,l_lattice,1024,0.740193,13497419646357463505,32,117,False,False,False,False
580,0.56640625,331.1484375,bond,l_lattice,1024,0.740193,14408412314925934053,32,118,True,True,True,True
507,0.4951171875,254.474609375,bond,l_lattice,1024,0.740193,14071148807220303965,32,119,True,False,True,False
359,0.3505859375,133.796875,bond,l_lattice,1024,0.740193,2416458962880192921,32,120,False,False,False,False
610,0.595703125,367.275390625,bond,l_lattice,1024,0.740193,1871541238829479088,32,121,True,False,True,False
519,0.5068359375,267.693359375,bond,l_lattice,1024,0.740193,1852058413186859702,32,122,True,True,True,True
613,0.5986328125,369.107421875,bond,l_lattice,1024,0.740193,18063483544702626189,32,123,True,True,True,True
225,0.2197265625,95.69140625,bond,l_lattice,1024,0.740193,10885909981941365676,32,124,False,False,False,False
421,0.4111328125,176.138671875,bond,l_lattice,1024,0.740193,9756327447308634121,32,125,True,False,False,True
555,0.5419921875,303.873046875,bond,l_lattice,1024,0.740193,1465291554246765595,32,126,True,True,True,True
660,0.64453125,426.712890625,bond,l_lattice,1024,0.740193,3696593019022641049,32,127,True,True,True,True
520,0.5078125,270.16796875,bond,l_lattice,1024,0.740193,2656133874157170445,32,128,True,False,True,False
428,0.41796875,183.5859375,bond,l_lattice,1024,0.740193,4862744336395286621,32,129,True,True,True,True
662,0.646484375,429.03125,bond,l_lattice,1024,0.740193,14089218627849763368,32,130,True,True,True,True
322,0.314453125,111.083984375,bond,l_lattice,1024,0.740193,16251439672039603024,32,131,True,False,False,True
504,0.4921875,257.154296875,bond,l_lattice,1024,0.740193,2551368662651162061,32,132,True,False,False,True
465,0.4541015625,216.439453125,bond,l_lattice,1024,0.740193,13102110818148598561,32,133,True,False,True,False
480,0.46875,230.447265625,bond,l_lattice,1024,0.740193,17081460682634985580,32,134,True,False,False,True
541,0.5283203125,292.765625,bond,l_lattice,1024,0.740193,13098466698021949505,32,135,True,False,True,False
246,0.240234375,119.841796875,bond,l_lattice,1024,0.740193,12669229804954911095,32,136,True,False,True,False
483,0.4716796875,236.193359375,bond,l_lattice,1024,0.740193,15322153462337619712,32,137,True,True,True,True
160,0.15625,48.826171875,bond,l_lattice,1024,0.740193,16509885579203134706,32,138,False,False,False,False
505,0.4931640625,255.224609375,bond,l_lattice,1024,0.740193,13438651662364173012,32,139,True,False,False,True
592,0.578125,344.66015625,bond,l_lattice,1024,0.740193,333735762990160902,32,140,True,True,True,True
361,0.3525390625,142.017578125,bond,l_lattice,1024,0.740193,1821300912765406323,32,141,True,False,True,False
589,0.5751953125,344.595703125,bond,l_lattice,1024,0.740193,14372161569972651974,32,142,True,True,True,True
657,0.6416015625,422.55859375,bond,l_lattice,1024,0.740193,8665926488979482035,32,143,True,True,True,True
633,0.6181640625,393.455078125,bond,l_lattice,1024,0.740193,6018881104474665563,32,144,True,True,True,True
584,0.5703125,335.8515625,bond,l_lattice,1024,0.740193,14256224105511057647,32,145,True,False,True,False
330,0.322265625,110.3671875,bond,l_lattice,1024,0.740193,4544550844995884575,32,146,True,False,True,False
591,0.5771484375,342.96875,bond,l_lattice,1024,0.740193,12919866378600473446,32,147,True,True,True,True
419,0.4091796875,178.54296875,bond,l_lattice,1024,0.740193,4852774895311211754,32,148,True,True,True,True
507,0.4951171875,255.236328125,bond,l_lattice,1024,0.740193,13169678045649445865,32,149,True,True,True,True
329,0.3212890625,139.572265625,bond,l_lattice,1024,0.740193,85236219720541206,32,150,True,False,False,True
650,0.634765625,414.03515625,bond,l_lattice,1024,0.740193,17724875285009961610,32,151,True,True,True,True
132,0.12890625,32.455078125,bond,l_lattice,1024,0.740193,15948367118350246231,32,152,False,False,False,False
391,0.3818359375,154.25390625,bond,l_lattice,1024,0.740193,6674812460973376106,32,153,True,False,False,True
227,0.2216796875,91.126953125,bond,l_lattice,1024,0.740193,11629524928853364848,32,154,True,False,True,False
509,0.4970703125,258.33203125,bond,l_lattice,1024,0.740193,17267336859287274796,32,155,True,False,False,True
584,0.5703125,336.435546875,bond,l_lattice,1024,0.740193,14977226790255820201,32,156,True,True,True,True
263,0.2568359375,83.013671875,bond,l_lattice,1024,0.740193,8232104641943549740,32,157,False,False,False,False
696,0.6796875,473.970703125,bond,l_lattice,1024,0.740193,5104000347732078448,32,158,True,True,True,True
602,0.587890625,356.130859375,bond,l_lattice,1024,0.740193,6005336363323484624,32,159,True,False,True,False
437,0.4267578125,192.046875,bond,l_lattice,1024,0.740193,11634044074699498749,32,160,True,False,True,False
663,0.6474609375,430.443359375,bond,l_lattice,1024,0.740193,4331948114061809597,32,161,True,True,True,True
637,0.6220703125,398.216796875,bond,l_lattice,1024,0.740193,15965029972411171660,32,162,True,True,True,True
537,0.5244140625,286.0546875,bond,l_lattice,1024,0.740193,2253061672539033005,32,163,True,True,True,True
398,0.388671875,172.33984375,bond,l_lattice,1024,0.740193,13210493371684290145,32,164,False,False,False,False
575,0.5615234375,325.275390625,bond,l_lattice,1024,0.740193,11658543592054140736,32,165,True,True,True,True
142,0.138671875,40.888671875,bond,l_lattice,1024,0.740193,4270620350987641736,32,166,False,False,False,False
690,0.673828125,465.9375,bond,l_lattice,1024,0.740193,8878749441926134237,32,167,True,True,True,True
681,0.6650390625,453.962890625,bond,l_lattice,1024,0.740193,14920620089787571153,32,168,True,True,True,True
497,0.4853515625,245.255859375,bond,l_lattice,1024,0.740193,3938197084977230558,32,169,True,False,True,False
398,0.388671875,164.056640625,bond,l_lattice,1024,0.740193,16401875293683470408,32,170,True,False,True,False
235,0.2294921875,115.279296875,bond,l_lattice,1024,0.740193,17862584432384214715,32,171,True,False,True,False
543,0.5302734375,292.201171875,bond,l_lattice,1024,0.740193,17515222220193032623,32,172,True,True,True,True
432,0.421875,189.595703125,bond,l_lattice,1024,0.740193,9080477186011459276,32,173,True,False,False,True
343,0.3349609375,123.41015625,bond,l_lattice,1024,0.740193,12031153998319005830,32,174,True,False,True,False
762,0.744140625,567.6015625,bond,l_lattice,1024,0.740193,17476588454398554257,32,175,True,True,True,True
585,0.5712890625,336.783203125,bond,l_lattice,1024,0.740193,14023377291884627449,32,176,True,True,True,True
463,0.4521484375,216.916015625,bond,l_lattice,1024,0.740193,8249381070676760411,32,177,True,False,False,True
415,0.4052734375,178.640625,bond,l_lattice,1024,0.740193,15854643462363976332,32,178,True,True,True,True
722,0.705078125,509.779296875,bond,l_lattice,1024,0.740193,7390415721229587710,32,179,True,True,True,True
627,0.6123046875,385.58984375,bond,l_lattice,1024,0.740193,11089614376748650000,32,180,True,True,True,True
649,0.6337890625,413.884765625,bond,l_lattice,1024,0.740193,4799468208954984180,32,181,True,True,True,True
727,0.7099609375,517.611328125,bond,l_lattice,1024,0.740193,17059521254825388785,32,182,True,True,True,True
627,0.6123046875,386.400390625,bond,l_lattice,1024,0.740193,14873237275810330929,32,183,True,True,True,True
588,0.57421875,340.890625,bond,l_lattice,1024,0.740193,1447032124077817888,32,184,True,True,True,True
642,0.626953125,403.69140625,bond,l_lattice,1024,0.740193,10966563410260007142,32,185,True,True,True,True
244,0.23828125,85.962890625,bond,l_lattice,1024,0.740193,4214963758076580874,32,186,True,False,False,True
414,0.404296875,172.966796875,bond,l_lattice,1024,0.740193,2194712992577174386,32,187,True,False,True,False
644,0.62890625,406.98828125,bond,l_lattice,1024,0.740193,5246664278723233859,32,188,True,True,True,True
68,0.06640625,25.142578125,bond,l_lattice,1024,0.740193,10414178085967179224,32,189,False,False,False,False
307,0.2998046875,109.267578125,bond,l_lattice,1024,0.740193,10761615785296109249,32,190,False,False,False,False
506,0.494140625,257.4453125,bond,l_lattice,1024,0.740193,15976398973390369344,32,191,True,False,False,True
142,0.138671875,48.99609375,bond,l_lattice,1024,0.740193,8738513567596466525,32,192,False,False,False,False
730,0.712890625,521.16015625,bond,l_lattice,1024,0.740193,12759972890518466979,32,193,True,True,True,True
419,0.4091796875,186.27734375,bond,l_lattice,1024,0.740193,11993299870662540953,32,194,True,False,True,False
543,0.5302734375,290.693359375,bond,l_lattice,1024,0.740193,16613256314412617785,32,195,True,True,True,True
76,0.07421875,19.57421875,bond,l_lattice,1024,0.740193,12915255381509757203,32,196,False,False,False,False
552,0.5390625,308.685546875,bond,l_lattice,1024,0.740193,12549861968164316732,32,197,True,True,True,True
684,0.66796875,457.984375,bond,l_lattice,1024,0.740193,2854396397617564013,32,198,True,True,True,True
625,0.6103515625,383.650390625,bond,l_lattice,1024,0.740193,620389702586088470,32,199,True,True,True,True
641,0.6259765625,402.67578125,bond,l_lattice,1024,0.740193,10137145408298539794,32,200,True,True,True,True
206,0.201171875,71.455078125,bond,l_lattice,1024,0.740193,11110134411553759999,32,201,False,False,False,False
220,0.21484375,63.4453125,bond,l_lattice,1024,0.740193,16196966137882255570,32,202,False,False,False,False
317,0.3095703125,132.224609375,bond,l_lattice,1024,0.740193,15825345308390645483,32,203,True,False,True,False
651,0.6357421875,415.365234375,bond,l_lattice,1024,0.740193,10767704024445445140,32,204,True,True,True,True
382,0.373046875,150.921875,bond,l_lattice,1024,0.740193,12024996261377127264,32,205,True,True,True,True
392,0.3828125,154.828125,bond,l_lattice,1024,0.740193,11494026133758363710,32,206,True,True,True,True
531,0.5185546875,278.259765625,bond,l_lattice,1024,0.740193,9003399750724323,32,207,True,True,True,True
504,0.4921875,252.939453125,bond,l_lattice,1024,0.740193,1173794076386181760,32,208,True,False,False,True
431,0.4208984375,185.021484375,bond,l_lattice,1024,0.740193,14511608863370478706,32,209,True,True,True,True
686,0.669921875,462.50390625,bond,l_lattice,1024,0.740193,815031097654008460,32,210,True,True,True,True
502,0.490234375,252.1484375,bond,l_lattice,1024,0.740193,14438252224476344655,32,211,True,True,True,True
434,0.423828125,195.046875,bond,l_lattice,1024,0.740193,13668033802009834658,32,212,True,True,True,True
112,0.109375,36.447265625,bond,l_lattice,1024,0.740193,12392218943550719450,32,213,False,False,False,False
491,0.4794921875,240.02734375,bond,l_lattice,1024,0.740193,3579020838345545335,32,214,True,True,True,True
551,0.5380859375,299.775390625,bond,l_lattice,1024,0.740193,4877907025348190754,32,215,True,True,True,True
669,0.6533203125,439.697265625,bond,l_lattice,1024,0.740193,1425585186823318901,32,216,True,True,True,True
488,0.4765625,236.474609375,bond,l_lattice,1024,0.740193,4358507325674508354,32,217,True,True,True,True
431,0.4208984375,193.197265625,bond,l_lattice,1024,0.740193,16455062956929630558,32,218,True,False,True,False
631,0.6162109375,390.51171875,bond,l_lattice,1024,0.740193,16946018344283024412,32,219,True,True,True,True
361,0.3525390625,187.3828125,bond,l_lattice,1024,0.740193,11798143820826784170,32,220,True,False,True,False
657,0.6416015625,424.25390625,bond,l_lattice,1024,0.740193,16017891019306392077,32,221,True,True,True,True
456,0.4453125,208.3671875,bond,l_lattice,1024,0.740193,11832466317339876134,32,222,False,False,False,False
579,0.5654296875,331.84765625,bond,l_lattice,1024,0.740193,15074912875711736055,32,223,True,True,True,True
634,0.619140625,393.751953125,bond,l_lattice,1024,0.740193,15300862242594022683,32,224,True,True,True,True
617,0.6025390625,375.283203125,bond,l_lattice,1024,0.740193,1195385232596660644,32,225,True,True,True,True
363,0.3544921875,141.046875,bond,l_lattice,1024,0.740193,8103828295748753682,32,226,True,False,False,True
813,0.7939453125,645.8671875,bond,l_lattice,1024,0.740193,8660994298715259451,32,227,True,True,True,True
606,0.591796875,360.775390625,bond,l_lattice,1024,0.740193,7194947770131943481,32,228,True,True,True,True
126,0.123046875,38.263671875,bond,l_lattice,1024,0.740193,5890170392719726722,32,229,False,False,False,False
142,0.138671875,43.572265625,bond,l_lattice,1024,0.740193,4670095534098856398,32,230,False,False,False,False
275,0.2685546875,104.5234375,bond,l_lattice,1024,0.740193,2347034262639091367,32,231,False,False,False,False
708,0.69140625,490.759765625,bond,l_lattice,1024,0.740193,5176344569702212791,32,232,True,True,True,True
400,0.390625,165.83203125,bond,l_lattice,1024,0.740193,2770538912917125712,32,233,True,True,True,True
608,0.59375,364.552734375,bond,l_lattice,1024,0.740193,5848073986115976783,32,234,True,True,True,True
636,0.62109375,397.123046875,bond,l_lattice,1024,0.740193,15303155413605509997,32,235,True,True,True,True
407,0.3974609375,166.943359375,bond,l_lattice,1024,0.740193,17755364909123617395,32,236,True,False,False,True
591,0.5771484375,344.169921875,bond,l_lattice,1024,0.740193,17861105945250418883,32,237,True,True,True,True
360,0.3515625,141.107421875,bond,l_lattice,1024,0.740193,15004317131776896882,32,238,True,False,True,False
595,0.5810546875,347.90625,bond,l_lattice,1024,0.740193,3886414551217550112,32,239,True,True,True,True
606,0.591796875,360.650390625,bond,l_lattice,1024,0.740193,3194331933989077218,32,240,True,True,True,True
611,0.5966796875,375.4921875,bond,l_lattice,1024,0.740193,14417593880158737247,32,241,True,True,True,True
332,0.32421875,130.251953125,bond,l_lattice,1024,0.740193,8448172472907026471,32,242,False,False,False,False
686,0.669921875,460.923828125,bond,l_lattice,1024,0.740193,4610612678510611361,32,243,True,True,True,True
639,0.6240234375,402.81640625,bond,l_lattice,1024,0.740193,16644882413194373591,32,244,True,True,True,True
565,0.5517578125,314.802734375,bond,l_lattice,1024,0.740193,1956537712105067174,32,245,True,True,True,True
414,0.404296875,174.322265625,bond,l_lattice,1024,0.740193,18365897731189869574,32,246,True,False,False,True
436,0.42578125,190.78515625,bond,l_lattice,1024,0.740193,2514975408536398247,32,247,True,False,False,True
633,0.6181640625,393.158203125,bond,l_lattice,1024,0.740193,11535317614240137293,32,248,True,True,True,True
544,0.53125,291.943359375,bond,l_lattice,1024,0.740193,2941363160500482371,32,249,True,True,True,True
451,0.4404296875,207.69921875,bond,l_lattice,1024,0.740193,1782601323881377068,32,250,True,True,True,True
730,0.712890625,522.1796875,bond,l_lattice,1024,0.740193,14858285681104241407,32,251,True,True,True,True
514,0.501953125,260.994140625,bond,l_lattice,1024,0.740193,9134430559292486043,32,252,True,True,True,True
363,0.3544921875,153.96875,bond,l_lattice,1024,0.740193,14326739176205032656,32,253,True,False,True,False
458,0.447265625,213.216796875,bond,l_lattice,1024,0.740193,1440729814547865348,32,254,True,True,True,True
546,0.533203125,293.8203125,bond,l_lattice,1024,0.740193,13139429792674747362,32,255,True,True,True,True
57,0.22265625,16.171875,bond,random_diode,256,1.0,8390472515452175441,16,0,False,False,False,False
148,0.578125,86.6953125,bond,random_diode,256,1.0,6959874542098497209,16,1,True,True,True,True
126,0.4921875,63.203125,bond,random_diode,256,1.0,5592317005638892073,16,2,True,False,False,True
87,0.33984375,32.875,bond,random_diode,256,1.0,432280643807883447,16,3,True,False,False,True
148,0.578125,86.734375,bond,random_diode,256,1.0,9832654549373356861,16,4,True,False,True,False
196,0.765625,150.34375,bond,random_diode,256,1.0,5783934511281129645,16,5,True,True,True,True
172,0.671875,117.0859375,bond,random_diode,256,1.0,11660976300770805157,16,6,True,True,True,True
60,0.234375,20.9140625,bond,random_diode,256,1.0,14663445738143445653,16,7,True,False,False,True
144,0.5625,82.046875,bond,random_diode,256,1.0,6773617085163657438,16,8,True,True,True,True
98,0.3828125,40.2421875,bond,random_diode,256,1.0,17677655537621573036,16,9,True,True,True,True
161,0.62890625,101.71875,bond,random_diode,256,1.0,9367893056233234616,16,10,True,True,True,True
98,0.3828125,41.2734375,bond,random_diode,256,1.0,9142089425275918794,16,11,True,True,True,True
87,0.33984375,33.453125,bond,random_diode,256,1.0,9562477681456824194,16,12,True,False,True,False
36,0.140625,9.9375,bond,random_diode,256,1.0,3314484052521141628,16,13,False,False,False,False
145,0.56640625,84.1328125,bond,random_diode,256,1.0,613087897949655229,16,14,True,True,True,True
180,0.703125,126.953125,bond,random_diode,256,1.0,5417081512737044176,16,15,True,True,True,True
192,0.75,144.25,bond,random_diode,256,1.0,9664310098823415743,16,16,True,True,True,True
102,0.3984375,47.234375,bond,random_diode,256,1.0,17575608997220879504,16,17,False,False,False,False
181,0.70703125,128.265625,bond,random_diode,256,1.0,9276297489857218946,16,18,True,True,True,True
158,0.6171875,98.1640625,bond,random_diode,256,1.0,6116227711515390077,16,19,True,True,True,True
44,0.171875,10.75,bond,random_diode,256,1.0,1896373432143763622,16,20,False,False,False,False
153,0.59765625,92.78125,bond,random_diode,256,1.0,5321870985640382459,16,21,True,True,True,True
148,0.578125,86.4765625,bond,random_diode,256,1.0,9295753022459466548,16,22,True,True,True,True
211,0.82421875,174.1328125,bond,random_diode,256,1.0,17027853899120949760,16,23,True,True,True,True
77,0.30078125,26.7890625,bond,random_diode,256,1.0,1958826180692325129,16,24,True,False,True,False
66,0.2578125,26.1953125,bond,random_diode,256,1.0,2852967905233633649,16,25,False,False,False,False
99,0.38671875,41.203125,bond,random_diode,256,1.0,3182874515994695475,16,26,True,True,True,True
54,0.2109375,15.0390625,bond,random_diode,256,1.0,8325965781180814319,16,27,False,False,False,False
139,0.54296875,79.0703125,bond,random_diode,256,1.0,18228955318385238832,16,28,True,True,True,True
165,0.64453125,107.6875,bond,random_diode,256,1.0,8719656616060234640,16,29,True,True,True,True
193,0.75390625,145.796875,bond,random_diode,256,1.0,159278370615868313,16,30,True,True,True,True
130,0.5078125,66.9296875,bond,random_diode,256,1.0,2799695890504320794,16,31,True,True,True,True
110,0.4296875,48.4453125,bond,random_diode,256,1.0,5525684710320099469,16,32,True,False,True,False
172,0.671875,115.984375,bond,random_diode,256,1.0,1319714912502642032,16,33,True,True,True,True
196,0.765625,150.5078125,bond,random_diode,256,1.0,4164785074765091246,16,34,True,True,True,True
189,0.73828125,139.9140625,bond,random_diode,256,1.0,7019935752159348151,16,35,True,True,True,True
185,0.72265625,134.015625,bond,random_diode,256,1.0,13337084434263890966,16,36,True,True,True,True
196,0.765625,150.4140625,bond,random_diode,256,1.0,3569991326540720813,16,37,True,True,True,True
199,0.77734375,154.9140625,bond,random_diode,256,1.0,8893769509047453052,16,38,True,True,True,True
190,0.7421875,141.4140625,bond,random_diode,256,1.0,12737702031536033069,16,39,True,True,True,True
126,0.4921875,63.109375,bond,random_diode,256,1.0,8316577214451464280,16,40,True,False,False,True
189,0.73828125,139.796875,bond,random_diode,256,1.0,2031575088868822478,16,41,True,True,True,True
167,0.65234375,109.7734375,bond,random_diode,256,1.0,4071081867405987675,16,42,True,True,True,True
176,0.6875,121.359375,bond,random_diode,256,1.0,16899576890077209266,16,43,True,True,True,True
81,0.31640625,30.890625,bond,random_diode,256,1.0,13887929977731334178,16,44,True,False,True,False
157,0.61328125,97.28125,bond,random_diode,256,1.0,1858748823444275328,16,45,True,True,True,True
159,0.62109375,99.515625,bond,random_diode,256,1.0,12619088658897750049,16,46,True,True,True,True
189,0.73828125,139.890625,bond,random_diode,256,1.0,8976959257345522072,16,47,True,True,True,True
209,0.81640625,170.859375,bond,random_diode,256,1.0,7051850361684798320,16,48,True,True,True,True
100,0.390625,45.6328125,bond,random_diode,256,1.0,6101634475280966098,16,49,True,False,True,False
87,0.33984375,34.4140625,bond,random_diode,256,1.0,16742060996001832453,16,50,True,False,False,True
117,0.45703125,55.21875,bond,random_diode,256,1.0,12423608211902830018,16,51,True,True,True,True
155,0.60546875,94.2890625,bond,random_diode,256,1.0,17660885029673291338,16,52,True,True,True,True
126,0.4921875,63.90625,bond,random_diode,256,1.0,15321143944175717483,16,53,False,False,False,False
78,0.3046875,34.3125,bond,random_diode,256,1.0,14961987130831106725,16,54,False,False,False,False
126,0.4921875,63.2109375,bond,random_diode,256,1.0,12046557333021696261,16,55,True,True,True,True
111,0.43359375,50.8984375,bond,random_diode,256,1.0,4812184377824217338,16,56,True,True,True,True
154,0.6015625,93.1328125,bond,random_diode,256,1.0,3508301992660193915,16,57,True,True,True,True
60,0.234375,16.8984375,bond,random_diode,256,1.0,7018706519291996747,16,58,True,False,False,True
159,0.62109375,99.2265625,bond,random_diode,256,1.0,11204203522505993065,16,59,True,False,True,False
137,0.53515625,74.5625,bond,random_diode,256,1.0,9221808533419968842,16,60,True,True,True,True
190,0.7421875,141.3203125,bond,random_diode,256,1.0,7023086466847244349,16,61,True,True,True,True
173,0.67578125,117.5625,bond,random_diode,256,1.0,6120150014862491693,16,62,True,True,True,True
105,0.41015625,44.109375,bond,random_diode,256,1.0,17036494048315113034,16,63,True,False,True,False
115,0.44921875,54.96875,bond,random_diode,256,1.0,1398427359331673700,16,64,True,True,True,True
160,0.625,101.53125,bond,random_diode,256,1.0,210262244457068730,16,65,True,True,True,True
129,0.50390625,67.8671875,bond,random_diode,256,1.0,13384586594326122365,16,66,True,True,True,True
59,0.23046875,17.5703125,bond,random_diode,256,1.0,17645918527099190997,16,67,False,False,False,False
215,0.83984375,180.7265625,bond,random_diode,256,1.0,5156413310628765236,16,68,True,True,True,True
124,0.484375,61.765625,bond,random_diode,256,1.0,13737924891106491445,16,69,True,True,True,True
173,0.67578125,117.3984375,bond,random_diode,256,1.0,11052331008564186174,16,70,True,True,True,True
188,0.734375,139.0390625,bond,random_diode,256,1.0,11181968152314741452,16,71,True,True,True,True
127,0.49609375,64.328125,bond,random_diode,256,1.0,6694852081527006242,16,72,True,False,False,True
149,0.58203125,87.6953125,bond,random_diode,256,1.0,16546287340187850407,16,73,True,False,False,True
192,0.75,144.296875,bond,random_diode,256,1.0,14869185187445552708,16,74,True,True,True,True
170,0.6640625,113.4140625,bond,random_diode,256,1.0,14783042437798251850,16,75,True,True,True,True
101,0.39453125,43.015625,bond,random_diode,256,1.0,12264109987460641374,16,76,True,False,True,False
145,0.56640625,83.6171875,bond,random_diode,256,1.0,3654589391822942325,16,77,True,True,True,True
116,0.453125,53.8828125,bond,random_diode,256,1.0,2861851164006579976,16,78,True,False,True,False
146,0.5703125,84.9453125,bond,random_diode,256,1.0,15559663318009756421,16,79,True,True,True,True
189,0.73828125,139.796875,bond,random_diode,256,1.0,3556261186924716038,16,80,True,True,True,True
113,0.44140625,52.1796875,bond,random_diode,256,1.0,1821353095843059983,16,81,True,False,False,True
28,0.109375,6.3359375,bond,random_diode,256,1.0,6008709886278348859,16,82,False,False,False,False
168,0.65625,110.8046875,bond,random_diode,256,1.0,17260400393477105536,16,83,True,True,True,True
85,0.33203125,49.1171875,bond,random_diode,256,1.0,12296256083988418266,16,84,True,False,False,True
51,0.19921875,13.7734375,bond,random_diode,256,1.0,14114649536175741832,16,85,False,False,False,False
143,0.55859375,80.4609375,bond,random_diode,256,1.0,6171244095362808728,16,86,True,True,True,True
157,0.61328125,97.1171875,bond,random_diode,256,1.0,14516685789855961658,16,87,True,False,False,True
160,0.625,100.421875,bond,random_diode,256,1.0,11253179473781556330,16,88,True,True,True,True
133,0.51953125,70.1328125,bond,random_diode,256,1.0,4694770174883982733,16,89,True,True,True,True
77,0.30078125,35.9765625,bond,random_diode,256,1.0,1019215249037439162,16,90,True,False,False,True
30,0.1171875,7.46875,bond,random_diode,256,1.0,8076783755964327440,16,91,False,False,False,False
142,0.5546875,79.65625,bond,random_diode,256,1.0,7771330362644861811,16,92,True,True,True,True
59,0.23046875,17.9140625,bond,random_diode,256,1.0,15070629530548598800,16,93,True,False,False,True
26,0.1015625,6.1796875,bond,random_diode,256,1.0,12820519735937716472,16,94,False,False,False,False
63,0.24609375,20.375,bond,random_diode,256,1.0,10751609443138905771,16,95,True,False,False,True
84,0.328125,29.3203125,bond,random_diode,256,1.0,8108914098086577786,16,96,False,False,False,False
118,0.4609375,55.7734375,bond,random_diode,256,1.0,8523647764459473016,16,97,True,False,True,False
45,0.17578125,12.2734375,bond,random_diode,256,1.0,1521610430336076848,16,98,False,False,False,False
183,0.71484375,131.1015625,bond,random_diode,256,1.0,9379459496878406297,16,99,True,True,True,True
59,0.23046875,23.8828125,bond,random_diode,256,1.0,16472306464228619500,16,100,False,False,False,False
153,0.59765625,92.8828125,bond,random_diode,256,1.0,15837397032905679872,16,101,True,False,False,True
86,0.3359375,42.6328125,bond,random_diode,256,1.0,1689441160471848308,16,102,True,False,True,False
194,0.7578125,147.2578125,bond,random_diode,256,1.0,3219223178132027922,16,103,True,True,True,True
47,0.18359375,13.75,bond,random_diode,256,1.0,12453261736450309410,16,104,False,False,False,False
49,0.19140625,12.1328125,bond,random_diode,256,1.0,17215958885796942886,16,105,False,False,False,False
34,0.1328125,10.078125,bond,random_diode,256,1.0,16022991602822978788,16,106,False,False,False,False
130,0.5078125,67.3515625,bond,random_diode,256,1.0,17259277319212890303,16,107,True,True,True,True
55,0.21484375,22.1015625,bond,random_diode,256,1.0,3664008675474266238,16,108,True,False,False,True
139,0.54296875,76.4296875,bond,random_diode,256,1.0,15965958833591724694,16,109,True,False,False,True
151,0.58984375,91.4375,bond,random_diode,256,1.0,13607083661956149924,16,110,True,True,True,True
159,0.62109375,99.1796875,bond,random_diode,256,1.0,2183975279408917399,16,111,True,True,True,True
108,0.421875,47.8671875,bond,random_diode,256,1.0,3986173758141708322,16,112,True,False,True,False
201,0.78515625,158.125,bond,random_diode,256,1.0,8278196094660228661,16,113,True,True,True,True
158,0.6171875,98.296875,bond,random_diode,256,1.0,10511509877038298175,16,114,True,True,True,True
162,0.6328125,103.21875,bond,random_diode,256,1.0,5878839611581655087,16,115,True,True,True,True
185,0.72265625,133.96875,bond,random_diode,256,1.0,9575733848365661159,16,116,True,True,True,True
156,0.609375,95.6640625,bond,random_diode,256,1.0,3965806633673561308,16,117,True,False,False,True
169,0.66015625,112.28125,bond,random_diode,256,1.0,10998866187863186068,16,118,True,True,True,True
175,0.68359375,120.390625,bond,random_diode,256,1.0,17269184646388551305,16,119,True,False,False,True
187,0.73046875,136.8671875,bond,random_diode,256,1.0,14142594027148938786,16,120,True,True,True,True
53,0.20703125,17.0,bond,random_diode,256,1.0,7375291671401546159,16,121,False,False,False,False
105,0.41015625,44.734375,bond,random_diode,256,1.0,3534733336558496008,16,122,True,False,False,True
150,0.5859375,89.2890625,bond,random_diode,256,1.0,4305590074387392800,16,123,True,True,True,True
185,0.72265625,134.0859375,bond,random_diode,256,1.0,224530028787570392,16,124,True,True,True,True
84,0.328125,32.0625,bond,random_diode,256,1.0,2080390311494308214,16,125,True,False,True,False
165,0.64453125,106.890625,bond,random_diode,256,1.0,16721486925539885289,16,126,True,True,True,True
17,0.06640625,7.0625,bond,random_diode,256,1.0,18148992250187103961,16,127,False,False,False,False
131,0.51171875,67.875,bond,random_diode,256,1.0,13433871620465132128,16,128,True,False,True,False
181,0.70703125,128.3828125,bond,random_diode,256,1.0,15787835752076340698,16,129,True,True,True,True
152,0.59375,92.625,bond,random_diode,256,1.0,11136558916176272231,16,130,True,True,True,True
144,0.5625,81.578125,bond,random_diode,256,1.0,6286868977481552377,16,131,True,True,True,True
145,0.56640625,83.2421875,bond,random_diode,256,1.0,6711463883564564478,16,132,True,True,True,True
133,0.51953125,69.7421875,bond,random_diode,256,1.0,4265331075487770753,16,133,True,True,True,True
130,0.5078125,66.71875,bond,random_diode,256,1.0,2629114058404425292,16,134,True,True,True,True
132,0.515625,69.375,bond,random_diode,256,1.0,9683457949047465511,16,135,True,False,False,True
102,0.3984375,42.0859375,bond,random_diode,256,1.0,13358527259601528402,16,136,True,False,False,True
170,0.6640625,113.875,bond,random_diode,256,1.0,10937694619330384719,16,137,True,True,True,True
184,0.71875,132.6953125,bond,random_diode,256,1.0,15744373820322432371,16,138,True,True,True,True
110,0.4296875,50.5,bond,random_diode,256,1.0,4897130049501987275,16,139,True,False,True,False
196,0.765625,150.8125,bond,random_diode,256,1.0,12317792435220715005,16,140,True,True,True,True
117,0.45703125,55.453125,bond,random_diode,256,1.0,6977195285695125555,16,141,True,True,True,True
161,0.62890625,103.109375,bond,random_diode,256,1.0,16457872965382035250,16,142,True,True,True,True
170,0.6640625,113.4375,bond,random_diode,256,1.0,12184165572857151792,16,143,True,True,True,True
191,0.74609375,142.7578125,bond,random_diode,256,1.0,6412045264026557854,16,144,True,True,True,True
178,0.6953125,124.2109375,bond,random_diode,256,1.0,15049662282805512335,16,145,True,True,True,True
137,0.53515625,75.4140625,bond,random_diode,256,1.0,5677767486939769706,16,146,True,True,True,True
34,0.1328125,10.3046875,bond,random_diode,256,1.0,14954991707759851993,16,147,False,False,False,False
176,0.6875,121.3125,bond,random_diode,256,1.0,613745347019565775,16,148,True,True,True,True
67,0.26171875,20.0390625,bond,random_diode,256,1.0,15757257047718506355,16,149,False,False,False,False
26,0.1015625,7.828125,bond,random_diode,256,1.0,7863620369850396275,16,150,False,False,False,False
160,0.625,101.53125,bond,random_diode,256,1.0,14445835414586361252,16,151,True,True,True,True
179,0.69921875,125.7734375,bond,random_diode,256,1.0,7728569116776907639,16,152,True,True,True,True
83,0.32421875,28.78125,bond,random_diode,256,1.0,9923680866128060583,16,153,True,False,False,True
166,0.6484375,108.2578125,bond,random_diode,256,1.0,3713053080830291117,16,154,True,True,True,True
116,0.453125,55.5859375,bond,random_diode,256,1.0,11083333306542292396,16,155,True,True,True,True
155,0.60546875,94.9296875,bond,random_diode,256,1.0,8137499432688372448,16,156,True,False,False,True
112,0.4375,50.515625,bond,random_diode,256,1.0,4366593440548104388,16,157,True,True,True,True
154,0.6015625,93.1328125,bond,random_diode,256,1.0,10263823491354508994,16,158,True,False,True,False
66,0.2578125,20.5234375,bond,random_diode,256,1.0,15637622787191627085,16,159,True,False,True,False
170,0.6640625,113.4140625,bond,random_diode,256,1.0,3995453833905989387,16,160,True,True,True,True
161,0.62890625,102.3515625,bond,random_diode,256,1.0,15207850880200953864,16,161,True,True,True,True
54,0.2109375,19.125,bond,random_diode,256,1.0,4080505915279595381,16,162,False,False,False,False
62,0.2421875,24.6875,bond,random_diode,256,1.0,14204184167910916061,16,163,True,False,True,False
112,0.4375,50.8046875,bond,random_diode,256,1.0,10401890196794135680,16,164,True,True,True,True
145,0.56640625,83.1484375,bond,random_diode,256,1.0,8640953598608379246,16,165,True,False,False,True
97,0.37890625,39.796875,bond,random_diode,256,1.0,17870066224949807082,16,166,True,True,True,True
193,0.75390625,145.8671875,bond,random_diode,256,1.0,7510943143723057727,16,167,True,True,True,True
108,0.421875,46.890625,bond,random_diode,256,1.0,4451150002621078626,16,168,True,True,True,True
46,0.1796875,14.0,bond,random_diode,256,1.0,9176916825581261916,16,169,False,False,False,False
178,0.6953125,124.0703125,bond,random_diode,256,1.0,2118656354741105239,16,170,True,True,True,True
105,0.41015625,46.6484375,bond,random_diode,256,1.0,14620927803570273412,16,171,True,False,True,False
151,0.58984375,89.8359375,bond,random_diode,256,1.0,9326960570710805048,16,172,True,True,True,True
127,0.49609375,64.2109375,bond,random_diode,256,1.0,17553130929765470209,16,173,True,False,True,False
124,0.484375,60.7890625,bond,random_diode,256,1.0,11436358749351174344,16,174,True,False,True,False
85,0.33203125,30.4375,bond,random_diode,256,1.0,6948409399101178806,16,175,True,False,False,True
69,0.26953125,20.1328125,bond,random_diode,256,1.0,4373068663297666464,16,176,True,False,False,True
178,0.6953125,124.2109375,bond,random_diode,256,1.0,14883807634926942500,16,177,True,True,True,True
119,0.46484375,56.71875,bond,random_diode,256,1.0,12015590386365255916,16,178,True,True,True,True
100,0.390625,41.3515625,bond,random_diode,256,1.0,5544943360809116047,16,179,True,False,True,False
165,0.64453125,106.96875,bond,random_diode,256,1.0,12969735965860496880,16,180,True,True,True,True
198,0.7734375,153.4140625,bond,random_diode,256,1.0,2602422490205405927,16,181,True,True,True,True
152,0.59375,90.8671875,bond,random_diode,256,1.0,11213851112162951525,16,182,True,True,True,True
209,0.81640625,170.8125,bond,random_diode,256,1.0,6130270049808509384,16,183,True,True,True,True
123,0.48046875,59.921875,bond,random_diode,256,1.0,17972975683462444767,16,184,True,True,True,True
79,0.30859375,39.53125,bond,random_diode,256,1.0,1808768180446314924,16,185,True,False,True,False
49,0.19140625,14.6953125,bond,random_diode,256,1.0,3662744838535929762,16,186,False,False,False,False
151,0.58984375,89.7421875,bond,random_diode,256,1.0,13538672593442227269,16,187,True,True,True,True
133,0.51953125,84.8828125,bond,random_diode,256,1.0,10485669667061772967,16,188,False,False,False,False
126,0.4921875,65.0,bond,random_diode,256,1.0,7265241271328077933,16,189,True,True,True,True
37,0.14453125,9.2734375,bond,random_diode,256,1.0,6407792151496200728,16,190,False,False,False,False
152,0.59375,90.8203125,bond,random_diode,256,1.0,10395330202658938712,16,191,True,True,True,True
169,0.66015625,112.5234375,bond,random_diode,256,1.0,18351569370047352919,16,192,True,True,True,True
177,0.69140625,122.734375,bond,random_diode,256,1.0,7692888357869339313,16,193,True,True,True,True
55,0.21484375,23.8828125,bond,random_diode,256,1.0,1997188142269043668,16,194,False,False,False,False
199,0.77734375,155.1328125,bond,random_diode,256,1.0,15398150977199770942,16,195,True,True,True,True
137,0.53515625,73.921875,bond,random_diode,256,1.0,15570644422454726579,16,196,True,False,True,False
182,0.7109375,129.796875,bond,random_diode,256,1.0,7324442171723039906,16,197,True,True,True,True
95,0.37109375,38.21875,bond,random_diode,256,1.0,7878716573268252258,16,198,True,False,True,False
67,0.26171875,23.9765625,bond,random_diode,256,1.0,12596005631035732018,16,199,False,False,False,False
169,0.66015625,111.953125,bond,random_diode,256,1.0,11146884195124214010,16,200,True,True,True,True
136,0.53125,73.4765625,bond,random_diode,256,1.0,16749590041084945173,16,201,True,True,True,True
140,0.546875,77.2265625,bond,random_diode,256,1.0,13828806101873645815,16,202,True,True,True,True
99,0.38671875,42.109375,bond,random_diode,256,1.0,16593324348088842903,16,203,True,False,False,True
81,0.31640625,28.0625,bond,random_diode,256,1.0,2703637149102059660,16,204,True,False,False,True
184,0.71875,132.578125,bond,random_diode,256,1.0,12912098426871881493,16,205,True,True,True,True
156,0.609375,95.7109375,bond,random_diode,256,1.0,17611916714516092739,16,206,True,True,True,True
174,0.6796875,118.8046875,bond,random_diode,256,1.0,8673903326043274439,16,207,True,True,True,True
151,0.58984375,89.734375,bond,random_diode,256,1.0,3724312096192465936,16,208,True,True,True,True
118,0.4609375,56.4296875,bond,random_diode,256,1.0,4092859554841346863,16,209,True,True,True,True
178,0.6953125,124.234375,bond,random_diode,256,1.0,13719356556708791664,16,210,True,True,True,True
115,0.44921875,52.859375,bond,random_diode,256,1.0,15665093661214168456,16,211,True,True,True,True
196,0.765625,150.4375,bond,random_diode,256,1.0,4456927693089331888,16,212,True,True,True,True
154,0.6015625,94.8125,bond,random_diode,256,1.0,14540124231664020926,16,213,True,True,True,True
84,0.328125,32.828125,bond,random_diode,256,1.0,11909401510582438208,16,214,True,False,False,True
200,0.78125,156.5625,bond,random_diode,256,1.0,6499547903005099936,16,215,True,True,True,True
143,0.55859375,82.359375,bond,random_diode,256,1.0,1279836259222377036,16,216,True,True,True,True
18,0.0703125,5.6796875,bond,random_diode,256,1.0,13852861747061742926,16,217,False,False,False,False
140,0.546875,77.234375,bond,random_diode,256,1.0,5212736059845094192,16,218,True,True,True,True
153,0.59765625,92.2265625,bond,random_diode,256,1.0,17232026195610124745,16,219,True,True,True,True
166,0.6484375,108.203125,bond,random_diode,256,1.0,2267961937155876952,16,220,True,True,True,True
176,0.6875,121.4765625,bond,random_diode,256,1.0,18287186479877005544,16,221,True,True,True,True
212,0.828125,175.734375,bond,random_diode,256,1.0,12165259138520310928,16,222,True,True,True,True
143,0.55859375,81.8203125,bond,random_diode,256,1.0,17874970328407660051,16,223,True,True,True,True
164,0.640625,105.9375,bond,random_diode,256,1.0,2029615429576642926,16,224,True,True,True,True
125,0.48828125,63.7890625,bond,random_diode,256,1.0,1696612964741702274,16,225,True,False,True,False
131,0.51171875,68.234375,bond,random_diode,256,1.0,1553894023448801783,16,226,True,False,True,False
59,0.23046875,20.21875,bond,random_diode,256,1.0,18098472490155403130,16,227,False,False,False,False
147,0.57421875,84.9765625,bond,random_diode,256,1.0,6202377740675323260,16,228,True,True,True,True
126,0.4921875,63.0390625,bond,random_diode,256,1.0,12669943201360589190,16,229,True,True,True,True
167,0.65234375,109.3828125,bond,random_diode,256,1.0,7708602472122817394,16,230,True,True,True,True
129,0.50390625,66.53125,bond,random_diode,256,1.0,11726852888447269465,16,231,True,True,True,True
19,0.07421875,5.53125,bond,random_diode,256,1.0,4278213321462280282,16,232,False,False,False,False
166,0.6484375,108.0859375,bond,random_diode,256,1.0,2830002501699026790,16,233,True,True,True,True
206,0.8046875,166.0078125,bond,random_diode,256,1.0,1737502221828097341,16,234,True,True,True,True
92,0.359375,35.2265625,bond,random_diode,256,1.0,5890202638605007074,16,235,False,False,False,False
88,0.34375,31.359375,bond,random_diode,256,1.0,1308269320072282993,16,236,True,False,False,True
127,0.49609375,64.796875,bond,random_diode,256,1.0,8753182194643197955,16,237,True,False,True,False
125,0.48828125,62.4609375,bond,random_diode,256,1.0,7985618462859427457,16,238,True,True,True,True
92,0.359375,35.9921875,bond,random_diode,256,1.0,3449457211202192505,16,239,True,False,False,True
201,0.78515625,158.1484375,bond,random_diode,256,1.0,1085686721465176205,16,240,True,True,True,True
151,0.58984375,89.921875,bond,random_diode,256,1.0,12836056006476983251,16,241,True,True,True,True
49,0.19140625,14.09375,bond,random_diode,256,1.0,7466148056826636829,16,242,False,False,False,False
196,0.765625,150.390625,bond,random_diode,256,1.0,5252453085387352576,16,243,True,True,True,True
102,0.3984375,44.0625,bond,random_diode,256,1.0,115834802781070597,16,244,True,False,True,False
90,0.3515625,33.4140625,bond,random_diode,256,1.0,6715780848847520109,16,245,True,False,True,False
212,0.828125,175.734375,bond,random_diode,256,1.0,13143864842389494113,16,246,True,True,True,True
157,0.61328125,97.046875,bond,random_diode,256,1.0,14657350695158277100,16,247,True,True,True,True
144,0.5625,82.3359375,bond,random_diode,256,1.0,10217229129356336469,16,248,True,True,True,True
34,0.1328125,9.2890625,bond,random_diode,256,1.0,15243198651540375516,16,249,False,False,False,False
202,0.7890625,159.6484375,bond,random_diode,256,1.0,356986008902126112,16,250,True,True,True,True
156,0.609375,95.6171875,bond,random_diode,256,1.0,10654776860203589917,16,251,True,True,True,True
105,0.41015625,44.9765625,bond,random_diode,256,1.0,16395605734699426138,16,252,True,True,True,True
144,0.5625,81.9296875,bond,random_diode,256,1.0,446312636591009041,16,253,True,True,True,True
147,0.57421875,86.1484375,bond,random_diode,256,1.0,13999517351636449849,16,254,True,True,True,True
145,0.56640625,82.96875,bond,random_diode,256,1.0,9711474468117512460,16,255,True,True,True,True
326,0.318359375,127.47265625,bond,random_diode,1024,1.0,2529647003548327120,32,0,True,False,True,False
552,0.5390625,298.5546875,bond,random_diode,1024,1.0,5769318572454444463,32,1,True,True,True,True
192,0.1875,67.09375,bond,random_diode,1024,1.0,17865868015028519508,32,2,False,False,False,False
507,0.4951171875,253.30859375,bond,random_diode,1024,1.0,1506584337674087369,32,3,True,True,True,True
489,0.4775390625,238.78125,bond,random_diode,1024,1.0,12632479425567506949,32,4,True,True,True,True
317,0.3095703125,104.115234375,bond,random_diode,1024,1.0,56501720610130128,32,5,True,False,False,True
430,0.419921875,182.8515625,bond,random_diode,1024,1.0,10454865582703526856,32,6,True,True,True,True
222,0.216796875,74.173828125,bond,random_diode,1024,1.0,17065381440543201693,32,7,True,False,False,True
646,0.630859375,408.548828125,bond,random_diode,1024,1.0,270095906956814506,32,8,True,True,True,True
522,0.509765625,267.640625,bond,random_diode,1024,1.0,9409746626047761373,32,9,True,False,False,True
561,0.5478515625,308.98828125,bond,random_diode,1024,1.0,8823207208967664662,32,10,True,True,True,True
392,0.3828125,154.53515625,bond,random_diode,1024,1.0,5641192128764633814,32,11,True,False,True,False
272,0.265625,101.875,bond,random_diode,1024,1.0,14611917261999705447,32,12,True,False,False,True
455,0.4443359375,206.046875,bond,random_diode,1024,1.0,6378287124054432272,32,13,True,True,True,True
609,0.5947265625,363.3125,bond,random_diode,1024,1.0,8639997845346886207,32,14,True,True,True,True
660,0.64453125,425.95703125,bond,random_diode,1024,1.0,15507060271228545394,32,15,True,True,True,True
430,0.419921875,184.01953125,bond,random_diode,1024,1.0,15093436158356689528,32,16,True,False,False,True
381,0.3720703125,154.65234375,bond,random_diode,1024,1.0,18068938360053675733,32,17,True,False,False,True
299,0.2919921875,109.9609375,bond,random_diode,1024,1.0,2474649705794325852,32,18,True,False,True,False
195,0.1904296875,58.95703125,bond,random_diode,1024,1.0,9769187142408375855,32,19,False,False,False,False
302,0.294921875,99.630859375,bond,random_diode,1024,1.0,10287190288940959212,32,20,False,False,False,False
619,0.6044921875,375.435546875,bond,random_diode,1024,1.0,8411607019755913846,32,21,True,True,True,True
611,0.5966796875,365.603515625,bond,random_diode,1024,1.0,9574574584790467338,32,22,True,True,True,True
318,0.310546875,112.291015625,bond,random_diode,1024,1.0,7662415201378513009,32,23,True,True,True,True
696,0.6796875,473.46484375,bond,random_diode,1024,1.0,12265228728006110168,32,24,True,True,True,True
401,0.3916015625,160.28515625,bond,random_diode,1024,1.0,4830600895970571256,32,25,True,False,False,True
531,0.5185546875,277.291015625,bond,random_diode,1024,1.0,17728657632744866779,32,26,True,True,True,True
211,0.2060546875,80.66015625,bond,random_diode,1024,1.0,3212194356006746599,32,27,False,False,False,False
124,0.12109375,37.16796875,bond,random_diode,1024,1.0,945133268068912117,32,28,False,False,False,False
398,0.388671875,159.08984375,bond,random_diode,1024,1.0,14280385729744895904,32,29,True,False,True,False
616,0.6015625,371.564453125,bond,random_diode,1024,1.0,12259158327772437323,32,30,True,True,True,True
405,0.3955078125,163.208984375,bond,random_diode,1024,1.0,10830992073001507277,32,31,True,False,True,False
684,0.66796875,457.9453125,bond,random_diode,1024,1.0,8433018274086222947,32,32,True,True,True,True
468,0.45703125,217.029296875,bond,random_diode,1024,1.0,13653497771786830339,32,33,True,True,True,True
652,0.63671875,415.8359375,bond,random_diode,1024,1.0,9253457186993618242,32,34,True,True,True,True
635,0.6201171875,395.3359375,bond,random_diode,1024,1.0,16258662406852660372,32,35,True,True,True,True
515,0.5029296875,260.314453125,bond,random_diode,1024,1.0,6691340946001716013,32,36,True,True,True,True
261,0.2548828125,73.51953125,bond,random_diode,1024,1.0,9628778040942994343,32,37,False,False,False,False
569,0.5556640625,319.193359375,bond,random_diode,1024,1.0,5998269444357405376,32,38,True,True,True,True
295,0.2880859375,100.09375,bond,random_diode,1024,1.0,5250737267944974646,32,39,True,False,False,True
495,0.4833984375,242.951171875,bond,random_diode,1024,1.0,13367328406942468598,32,40,True,True,True,True
606,0.591796875,359.630859375,bond,random_diode,1024,1.0,14367717457507466562,32,41,True,True,True,True
298,0.291015625,155.8828125,bond,random_diode,1024,1.0,12356347744106225435,32,42,True,False,False,True
292,0.28515625,97.67578125,bond,random_diode,1024,1.0,1589801530378436436,32,43,True,False,False,True
183,0.1787109375,45.53125,bond,random_diode,1024,1.0,7986370324423021825,32,44,False,False,False,False
428,0.41796875,182.81640625,bond,random_diode,1024,1.0,11631499575811668763,32,45,True,False,True,False
254,0.248046875,73.25,bond,random_diode,1024,1.0,14310555335298869700,32,46,True,False,True,False
500,0.48828125,247.19921875,bond,random_diode,1024,1.0,1272138455436804576,32,47,True,True,True,True
469,0.4580078125,217.1015625,bond,random_diode,1024,1.0,16740700773846866253,32,48,True,True,True,True
520,0.5078125,266.865234375,bond,random_diode,1024,1.0,8036536291693082089,32,49,True,True,True,True
278,0.271484375,81.765625,bond,random_diode,1024,1.0,5733813637889911502,32,50,True,False,True,False
361,0.3525390625,132.77734375,bond,random_diode,1024,1.0,16412618493845743131,32,51,True,True,True,True
397,0.3876953125,166.208984375,bond,random_diode,1024,1.0,1390902737753850201,32,52,True,True,True,True
336,0.328125,117.41015625,bond,random_diode,1024,1.0,12203299525926354896,32,53,True,False,True,False
285,0.2783203125,95.21484375,bond,random_diode,1024,1.0,18025668393008536946,32,54,True,True,True,True
588,0.57421875,338.712890625,bond,random_diode,1024,1.0,7701352950721526388,32,55,True,True,True,True
399,0.3896484375,170.580078125,bond,random_diode,1024,1.0,8578180898516611798,32,56,True,False,False,True
597,0.5830078125,349.96484375,bond,random_diode,1024,1.0,276658775200596057,32,57,True,True,True,True
514,0.501953125,260.267578125,bond,random_diode,1024,1.0,12180535432529418482,32,58,True,True,True,True
553,0.5400390625,299.8359375,bond,random_diode,1024,1.0,15777796585593587148,32,59,True,True,True,True
500,0.48828125,246.03125,bond,random_diode,1024,1.0,13657627151718843669,32,60,True,True,True,True
250,0.244140625,71.701171875,bond,random_diode,1024,1.0,12708951891667050554,32,61,True,False,True,False
571,0.5576171875,319.455078125,bond,random_diode,1024,1.0,11423961949169925453,32,62,True,True,True,True
713,0.6962890625,498.990234375,bond,random_diode,1024,1.0,11249608539951569278,32,63,True,True,True,True
492,0.48046875,237.9765625,bond,random_diode,1024,1.0,13731692743966136024,32,64,True,False,False,True
434,0.423828125,194.630859375,bond,random_diode,1024,1.0,14984607734647879931,32,65,True,True,True,True
415,0.4052734375,173.033203125,bond,random_diode,1024,1.0,13402122691349162703,32,66,True,False,False,True
631,0.6162109375,390.048828125,bond,random_diode,1024,1.0,4461435355493674167,32,67,True,True,True,True
319,0.3115234375,105.80859375,bond,random_diode,1024,1.0,1955545221693173242,32,68,True,False,True,False
329,0.3212890625,114.541015625,bond,random_diode,1024,1.0,4576381046135126255,32,69,True,True,True,True
582,0.568359375,332.16015625,bond,random_diode,1024,1.0,10788780474227908088,32,70,True,True,True,True
635,0.6201171875,394.806640625,bond,random_diode,1024,1.0,2025387333115959454,32,71,True,True,True,True
516,0.50390625,261.7265625,bond,random_diode,1024,1.0,14315881458003769689,32,72,True,True,True,True
409,0.3994140625,169.61328125,bond,random_diode,1024,1.0,9344560697367404361,32,73,True,False,False,True
526,0.513671875,273.181640625,bond,random_diode,1024,1.0,13531523835368707261,32,74,True,True,True,True
432,0.421875,198.767578125,bond,random_diode,1024,1.0,17277313168267388497,32,75,True,False,True,False
425,0.4150390625,179.14453125,bond,random_diode,1024,1.0,7578643346148016019,32,76,True,True,True,True
606,0.591796875,359.80078125,bond,random_diode,1024,1.0,15133189891693725064,32,77,True,True,True,True
418,0.408203125,176.443359375,bond,random_diode,1024,1.0,289691080311201161,32,78,True,True,True,True
618,0.603515625,373.5234375,bond,random_diode,1024,1.0,15403458655128673604,32,79,True,True,True,True
624,0.609375,381.33203125,bond,random_diode,1024,1.0,8923225866006469976,32,80,True,True,True,True
574,0.560546875,322.48828125,bond,random_diode,1024,1.0,16588433422775579944,32,81,True,True,True,True
386,0.376953125,152.5078125,bond,random_diode,1024,1.0,7121687892511069022,32,82,True,False,True,False
515,0.5029296875,263.697265625,bond,random_diode,1024,1.0,5472376666456660194,32,83,True,True,True,True
683,0.6669921875,456.205078125,bond,random_diode,1024,1.0,15635061739109487377,32,84,True,True,True,True
683,0.6669921875,456.28125,bond,random_diode,1024,1.0,13249223074164029032,32,85,True,True,True,True
636,0.62109375,395.796875,bond,random_diode,1024,1.0,4559810468053705177,32,86,True,True,True,True
330,0.322265625,111.587890625,bond,random_diode,1024,1.0,15483917681548177889,32,87,True,False,False,True
658,0.642578125,426.0234375,bond,random_diode,1024,1.0,16332007859265390225,32,88,True,True,True,True
400,0.390625,158.298828125,bond,random_diode,1024,1.0,10925241155414107220,32,89,True,True,True,True
520,0.5078125,266.69921875,bond,random_diode,1024,1.0,14732814945193044096,32,90,True,True,True,True
468,0.45703125,221.525390625,bond,random_diode,1024,1.0,15304384504124379510,32,91,True,False,True,False
175,0.1708984375,49.7421875,bond,random_diode,1024,1.0,12375519386691605561,32,92,False,False,False,False
236,0.23046875,64.30859375,bond,random_diode,1024,1.0,2584547977149162879,32,93,False,False,False,False
294,0.287109375,94.958984375,bond,random_diode,1024,1.0,4275908757586499748,32,94,True,False,False,True
583,0.5693359375,333.240234375,bond,random_diode,1024,1.0,11125053076182381492,32,95,True,True,True,True
577,0.5634765625,326.509765625,bond,random_diode,1024,1.0,8457294404390147744,32,96,True,True,True,True
506,0.494140625,256.1953125,bond,random_diode,1024,1.0,16339436144273281939,32,97,True,True,True,True
628,0.61328125,386.46875,bond,random_diode,1024,1.0,1096647933976777312,32,98,True,True,True,True
734,0.716796875,526.6484375,bond,random_diode,1024,1.0,10129549380711332052,32,99,True,True,True,True
104,0.1015625,32.94140625,bond,random_diode,1024,1.0,6103751098843522136,32,100,False,False,False,False
679,0.6630859375,451.369140625,bond,random_diode,1024,1.0,12481415270690019189,32,101,True,True,True,True
571,0.5576171875,320.3671875,bond,random_diode,1024,1.0,2863778936142132848,32,102,True,True,True,True
392,0.3828125,152.990234375,bond,random_diode,1024,1.0,3518232774362419008,32,103,True,False,True,False
654,0.638671875,418.494140625,bond,random_diode,1024,1.0,4418273015331361046,32,104,True,True,True,True
571,0.5576171875,321.90234375,bond,random_diode,1024,1.0,823039788830004838,32,105,True,True,True,True
609,0.5947265625,362.85546875,bond,random_diode,1024,1.0,5939046732697181304,32,106,True,True,True,True
636,0.62109375,395.6171875,bond,random_diode,1024,1.0,10526099806626647627,32,107,True,True,True,True
692,0.67578125,468.7265625,bond,random_diode,1024,1.0,16434376212117387877,32,108,True,True,True,True
680,0.6640625,451.998046875,bond,random_diode,1024,1.0,15756946532479976274,32,109,True,True,True,True
321,0.3134765625,109.525390625,bond,random_diode,1024,1.0,4521781941921964368,32,110,True,False,False,True
482,0.470703125,230.564453125,bond,random_diode,1024,1.0,6173774905190850273,32,111,True,True,True,True
485,0.4736328125,232.3203125,bond,random_diode,1024,1.0,2252754149098588328,32,112,True,True,True,True
577,0.5634765625,332.5703125,bond,random_diode,1024,1.0,6385751847043443633,32,113,True,True,True,True
323,0.3154296875,111.2109375,bond,random_diode,1024,1.0,8596811053444581171,32,114,True,False,False,True
671,0.6552734375,440.53125,bond,random_diode,1024,1.0,2437363188911649045,32,115,True,True,True,True
778,0.759765625,591.337890625,bond,random_diode,1024,1.0,10996889928973194084,32,116,True,True,True,True
511,0.4990234375,257.841796875,bond,random_diode,1024,1.0,3956082374181403501,32,117,True,True,True,True
583,0.5693359375,333.53515625,bond,random_diode,1024,1.0,5889284996147455540,32,118,True,True,True,True
298,0.291015625,90.45703125,bond,random_diode,1024,1.0,15395235412370806407,32,119,False,False,False,False
541,0.5283203125,289.763671875,bond,random_diode,1024,1.0,2986220051866003114,32,120,True,True,True,True
475,0.4638671875,224.78515625,bond,random_diode,1024,1.0,18206745911464907562,32,121,True,False,False,True
600,0.5859375,352.404296875,bond,random_diode,1024,1.0,1758709734549929354,32,122,True,True,True,True
732,0.71484375,523.6328125,bond,random_diode,1024,1.0,3678111332629532342,32,123,True,True,True,True
335,0.3271484375,118.5,bond,random_diode,1024,1.0,1206983059862809158,32,124,True,False,True,False
216,0.2109375,59.421875,bond,random_diode,1024,1.0,15798021149128165172,32,125,True,False,True,False
605,0.5908203125,358.248046875,bond,random_diode,1024,1.0,7433561454918290915,32,126,True,True,True,True
166,0.162109375,44.712890625,bond,random_diode,1024,1.0,7571151456312544170,32,127,False,False,False,False
82,0.080078125,24.083984375,bond,random_diode,1024,1.0,17703582559414197966,32,128,False,False,False,False
492,0.48046875,239.30859375,bond,random_diode,1024,1.0,9983513902151948088,32,129,True,True,True,True
540,0.52734375,286.39453125,bond,random_diode,1024,1.0,14688153715860817528,32,130,True,True,True,True
456,0.4453125,216.0234375,bond,random_diode,1024,1.0,6232956947920820076,32,131,True,True,True,True
533,0.5205078125,278.615234375,bond,random_diode,1024,1.0,16502029543031640015,32,132,True,True,True,True
433,0.4228515625,206.18359375,bond,random_diode,1024,1.0,9246913887306746378,32,133,True,True,True,True
453,0.4423828125,211.28125,bond,random_diode,1024,1.0,4138873864490771587,32,134,True,True,True,True
653,0.6376953125,417.263671875,bond,random_diode,1024,1.0,4863488891307305346,32,135,True,True,True,True
314,0.306640625,134.111328125,bond,random_diode,1024,1.0,11549118236467297174,32,136,True,False,False,True
652,0.63671875,416.068359375,bond,random_diode,1024,1.0,4713186272699427195,32,137,True,True,True,True
250,0.244140625,69.59765625,bond,random_diode,1024,1.0,17392095194019360535,32,138,True,False,False,True
439,0.4287109375,195.48046875,bond,random_diode,1024,1.0,5578737162088146626,32,139,True,True,True,True
527,0.5146484375,272.759765625,bond,random_diode,1024,1.0,846967779938236754,32,140,True,True,True,True
621,0.6064453125,377.677734375,bond,random_diode,1024,1.0,12059269647975030420,32,141,True,True,True,True
114,0.111328125,44.974609375,bond,random_diode,1024,1.0,13008613401555882509,32,142,False,False,False,False
546,0.533203125,293.900390625,bond,random_diode,1024,1.0,2734159743461180572,32,143,True,False,True,False
468,0.45703125,216.22265625,bond,random_diode,1024,1.0,16315686110741743827,32,144,True,True,True,True
666,0.650390625,434.390625,bond,random_diode,1024,1.0,2633812683660783214,32,145,True,True,True,True
172,0.16796875,58.39453125,bond,random_diode,1024,1.0,4204110161548831178,32,146,False,False,False,False
404,0.39453125,165.99609375,bond,random_diode,1024,1.0,13719903957591436899,32,147,True,True,True,True
530,0.517578125,276.513671875,bond,random_diode,1024,1.0,18208481653526125590,32,148,True,True,True,True
352,0.34375,124.75390625,bond,random_diode,1024,1.0,8447718604168595711,32,149,True,False,True,False
499,0.4873046875,255.4765625,bond,random_diode,1024,1.0,13267342861707160163,32,150,True,False,False,True
621,0.6064453125,377.439453125,bond,random_diode,1024,1.0,2872147171798300558,32,151,True,True,True,True
184,0.1796875,44.552734375,bond,random_diode,1024,1.0,16672008331243826204,32,152,False,False,False,False
489,0.4775390625,238.08203125,bond,random_diode,1024,1.0,30867508991190225,32,153,True,True,True,True
680,0.6640625,452.181640625,bond,random_diode,1024,1.0,9084308384250243006,32,154,True,True,True,True
648,0.6328125,411.556640625,bond,random_diode,1024,1.0,13791037928122301007,32,155,True,True,True,True
187,0.1826171875,51.9375,bond,random_diode,1024,1.0,12578727624876713661,32,156,False,False,False,False
561,0.5478515625,311.04296875,bond,random_diode,1024,1.0,5706575182369331475,32,157,True,True,True,True
662,0.646484375,428.529296875,bond,random_diode,1024,1.0,5535253884252773651,32,158,True,True,True,True
276,0.26953125,93.26171875,bond,random_diode,1024,1.0,16734079977545465221,32,159,False,False,False,False
671,0.6552734375,440.4453125,bond,random_diode,1024,1.0,9090837141047085454,32,160,True,True,True,True
397,0.3876953125,174.16015625,bond,random_diode,1024,1.0,5265466872620171905,32,161,True,False,True,False
666,0.650390625,434.42578125,bond,random_diode,1024,1.0,6763850050925731209,32,162,True,True,True,True
497,0.4853515625,245.853515625,bond,random_diode,1024,1.0,13767782085511099115,32,163,True,True,True,True
527,0.5146484375,275.126953125,bond,random_diode,1024,1.0,7213313880200939636,32,164,True,True,True,True
502,0.490234375,249.064453125,bond,random_diode,1024,1.0,2364307239146523665,32,165,True,True,True,True
578,0.564453125,327.390625,bond,random_diode,1024,1.0,2262736912044988612,32,166,True,True,True,True
357,0.3486328125,144.859375,bond,random_diode,1024,1.0,13763747048647243019,32,167,True,False,False,True
96,0.09375,27.783203125,bond,random_diode,1024,1.0,15764993097811705130,32,168,False,False,False,False
548,0.53515625,294.94140625,bond,random_diode,1024,1.0,3381220329230643025,32,169,True,True,True,True
204,0.19921875,62.12890625,bond,random_diode,1024,1.0,16715599788088588238,32,170,False,False,False,False
450,0.439453125,200.212890625,bond,random_diode,1024,1.0,17869596004169501134,32,171,True,False,True,False
617,0.6025390625,372.681640625,bond,random_diode,1024,1.0,6965518186542632182,32,172,True,True,True,True
559,0.5458984375,306.0234375,bond,random_diode,1024,1.0,16166963552726106704,32,173,True,True,True,True
691,0.6748046875,467.1484375,bond,random_diode,1024,1.0,7209593054116609663,32,174,True,True,True,True
260,0.25390625,79.173828125,bond,random_diode,1024,1.0,709010825819362866,32,175,True,False,True,False
658,0.642578125,423.638671875,bond,random_diode,1024,1.0,16289844568096696169,32,176,True,True,True,True
553,0.5400390625,300.595703125,bond,random_diode,1024,1.0,8198672212433408077,32,177,True,True,True,True
530,0.517578125,276.4609375,bond,random_diode,1024,1.0,615073875599491669,32,178,True,True,True,True
549,0.5361328125,296.705078125,bond,random_diode,1024,1.0,17666929238561365393,32,179,True,True,True,True
632,0.6171875,392.66796875,bond,random_diode,1024,1.0,13303687305343101128,32,180,True,True,True,True
476,0.46484375,225.87109375,bond,random_diode,1024,1.0,1444619619561202140,32,181,True,True,True,True
74,0.072265625,19.0859375,bond,random_diode,1024,1.0,971320593132939862,32,182,False,False,False,False
513,0.5009765625,258.634765625,bond,random_diode,1024,1.0,13906044739393005421,32,183,True,True,True,True
502,0.490234375,248.16796875,bond,random_diode,1024,1.0,15610819467607419891,32,184,True,True,True,True
586,0.572265625,337.55859375,bond,random_diode,1024,1.0,5034712723163297363,32,185,True,True,True,True
711,0.6943359375,494.01953125,bond,random_diode,1024,1.0,6967690083149350431,32,186,True,True,True,True
425,0.4150390625,179.607421875,bond,random_diode,1024,1.0,6910986385069208063,32,187,True,False,False,True
661,0.6455078125,427.837890625,bond,random_diode,1024,1.0,7371418920081764039,32,188,True,True,True,True
507,0.4951171875,253.787109375,bond,random_diode,1024,1.0,2627215578548441696,32,189,True,False,True,False
578,0.564453125,335.041015625,bond,random_diode,1024,1.0,15314747579285189818,32,190,True,True,True,True
635,0.6201171875,394.6484375,bond,random_diode,1024,1.0,6703075679075795593,32,191,True,True,True,True
493,0.4814453125,239.984375,bond,random_diode,1024,1.0,17054360942906902010,32,192,True,True,True,True
660,0.64453125,427.00390625,bond,random_diode,1024,1.0,17530076316968220904,32,193,True,True,True,True
314,0.306640625,103.1015625,bond,random_diode,1024,1.0,3005797569569220059,32,194,True,False,False,True
630,0.615234375,388.2578125,bond,random_diode,1024,1.0,5663235934680039430,32,195,True,True,True,True
233,0.2275390625,64.80078125,bond,random_diode,1024,1.0,10854269531864963518,32,196,True,False,True,False
662,0.646484375,428.5078125,bond,random_diode,1024,1.0,7122852944619753764,32,197,True,True,True,True
257,0.2509765625,127.8359375,bond,random_diode,1024,1.0,2741330258570538694,32,198,True,False,True,False
426,0.416015625,180.853515625,bond,random_diode,1024,1.0,14197865591570535235,32,199,True,True,True,True
235,0.2294921875,82.630859375,bond,random_diode,1024,1.0,223966348276967353,32,200,True,False,True,False
330,0.322265625,127.650390625,bond,random_diode,1024,1.0,15663361285764072957,32,201,False,False,False,False
398,0.388671875,160.810546875,bond,random_diode,1024,1.0,7909636535488253727,32,202,True,True,True,True
492,0.48046875,239.697265625,bond,random_diode,1024,1.0,12358100068166872567,32,203,True,True,True,True
619,0.6044921875,375.478515625,bond,random_diode,1024,1.0,17419299672343077824,32,204,True,True,True,True
701,0.6845703125,480.392578125,bond,random_diode,1024,1.0,6819538471810260739,32,205,True,True,True,True
436,0.42578125,192.416015625,bond,random_diode,1024,1.0,10132158613659117315,32,206,True,True,True,True
482,0.470703125,229.08984375,bond,random_diode,1024,1.0,4026545953534849760,32,207,True,True,True,True
560,0.546875,307.380859375,bond,random_diode,1024,1.0,16762676556089610916,32,208,True,True,True,True
506,0.494140625,252.83203125,bond,random_diode,1024,1.0,17279848715353817437,32,209,True,True,True,True
528,0.515625,273.958984375,bond,random_diode,1024,1.0,14618971467990184083,32,210,True,False,False,True
570,0.556640625,318.83984375,bond,random_diode,1024,1.0,5299328468890660091,32,211,True,True,True,True
363,0.3544921875,134.89453125,bond,random_diode,1024,1.0,15929563088433219267,32,212,True,False,False,True
650,0.634765625,413.509765625,bond,random_diode,1024,1.0,17571161354554481565,32,213,True,True,True,True
625,0.6103515625,384.296875,bond,random_diode,1024,1.0,11806895193232584549,32,214,True,True,True,True
434,0.423828125,186.474609375,bond,random_diode,1024,1.0,15130481113236247030,32,215,False,False,False,False
605,0.5908203125,358.458984375,bond,random_diode,1024,1.0,3159092256674293591,32,216,True,True,True,True
219,0.2138671875,72.076171875,bond,random_diode,1024,1.0,16798337354691518276,32,217,True,False,False,True
185,0.1806640625,58.904296875,bond,random_diode,1024,1.0,17138736170167872815,32,218,False,False,False,False
518,0.505859375,265.90625,bond,random_diode,1024,1.0,15838709800704516443,32,219,True,True,True,True
500,0.48828125,249.041015625,bond,random_diode,1024,1.0,1756793902547608066,32,220,True,True,True,True
325,0.3173828125,114.572265625,bond,random_diode,1024,1.0,10333088406358448778,32,221,True,False,True,False
658,0.642578125,423.87890625,bond,random_diode,1024,1.0,1738196932815958263,32,222,True,True,True,True
431,0.4208984375,183.51171875,bond,random_diode,1024,1.0,2342672776946227681,32,223,False,False,False,False
353,0.3447265625,130.59765625,bond,random_diode,1024,1.0,18172706311019127248,32,224,True,False,False,True
718,0.701171875,503.8046875,bond,random_diode,1024,1.0,3004586615926602782,32,225,True,True,True,True
656,0.640625,420.958984375,bond,random_diode,1024,1.0,786328244547189286,32,226,True,True,True,True
635,0.6201171875,394.958984375,bond,random_diode,1024,1.0,17466212601885602745,32,227,True,True,True,True
624,0.609375,380.982421875,bond,random_diode,1024,1.0,14971775561315577062,32,228,True,True,True,True
242,0.236328125,64.15234375,bond,random_diode,1024,1.0,18042572119731843069,32,229,True,False,True,False
718,0.701171875,503.958984375,bond,random_diode,1024,1.0,4538120036817652426,32,230,True,True,True,True
411,0.4013671875,171.5859375,bond,random_diode,1024,1.0,13039279912023647345,32,231,True,False,True,False
379,0.3701171875,146.81640625,bond,random_diode,1024,1.0,12319471911903886383,32,232,True,False,False,True
86,0.083984375,30.1171875,bond,random_diode,1024,1.0,11345309964672763681,32,233,False,False,False,False
545,0.5322265625,292.259765625,bond,random_diode,1024,1.0,9651189213493047381,32,234,True,True,True,True
527,0.5146484375,272.783203125,bond,random_diode,1024,1.0,13867152078016610407,32,235,True,True,True,True
627,0.6123046875,386.318359375,bond,random_diode,1024,1.0,11146283435464527772,32,236,True,True,True,True
622,0.607421875,378.94921875,bond,random_diode,1024,1.0,8558201990295684846,32,237,True,True,True,True
215,0.2099609375,84.95703125,bond,random_diode,1024,1.0,7748137991385954075,32,238,False,False,False,False
409,0.3994140625,175.638671875,bond,random_diode,1024,1.0,8677491589571954263,32,239,True,True,True,True
234,0.228515625,63.49609375,bond,random_diode,1024,1.0,6370110330832026264,32,240,False,False,False,False
304,0.296875,103.8203125,bond,random_diode,1024,1.0,9523936271199595797,32,241,True,False,False,True
168,0.1640625,36.68359375,bond,random_diode,1024,1.0,1241333660839412197,32,242,False,False,False,False
272,0.265625,75.50390625,bond,random_diode,1024,1.0,5561873536620588683,32,243,False,False,False,False
502,0.490234375,248.623046875,bond,random_diode,1024,1.0,8737863050890046464,32,244,True,True,True,True
644,0.62890625,405.853515625,bond,random_diode,1024,1.0,358735825765702296,32,245,True,True,True,True
619,0.6044921875,375.15625,bond,random_diode,1024,1.0,10383022468141219798,32,246,True,True,True,True
598,0.583984375,350.3359375,bond,random_diode,1024,1.0,17360480140662536856,32,247,True,True,True,True
736,0.71875,529.4609375,bond,random_diode,1024,1.0,14184121688692332040,32,248,True,True,True,True
333,0.3251953125,127.37109375,bond,random_diode,1024,1.0,9671314505591919500,32,249,True,False,False,True
697,0.6806640625,475.015625,bond,random_diode,1024,1.0,113327553438558253,32,250,True,True,True,True
751,0.7333984375,551.083984375,bond,random_diode,1024,1.0,12666703297854459749,32,251,True,True,True,True
543,0.5302734375,288.974609375,bond,random_diode,1024,1.0,1753509429368936106,32,252,True,True,True,True
367,0.3583984375,152.560546875,bond,random_diode,1024,1.0,2512456137126450628,32,253,True,True,True,True
588,0.57421875,339.021484375,bond,random_diode,1024,1.0,18407650191582500124,32,254,True,True,True,True
503,0.4912109375,257.013671875,bond,random_diode,1024,1.0,16064444804698896693,32,255,True,False,False,True
